county,municipality,dem_registered,rep_registered,green_registered,lib_registered,unenrolled_registered,total_registered,dem_2018_ballots,rep_2018_ballots,dem_registered_2017,rep_registered_2017,dem_turnout_2018_pct,rep_turnout_2018_pct,dem_eligible_2026,rep_eligible_2026
AND,AUBURN,4343.0,3791.0,572.0,276.0,4421.0,13403,1683,1338,4937.0,3850.0,34.09,34.75,8764.0,8212.0
AND,DURHAM,901.0,1015.0,156.0,20.0,1072.0,3164,312,400,851.0,973.0,36.66,41.11,1973.0,2087.0
AND,GREENE,612.0,1124.0,152.0,36.0,928.0,2852,248,364,843.0,948.0,29.42,38.4,1540.0,2052.0
AND,LEEDS,353.0,613.0,73.0,9.0,480.0,1528,165,163,464.0,500.0,35.56,32.6,833.0,1093.0
AND,LEWISTON,6978.0,4739.0,750.0,650.0,5664.0,18781,2541,1435,11040.0,4848.0,23.02,29.6,12642.0,10403.0
AND,LISBON,1466.0,1982.0,162.0,55.0,1948.0,5613,517,862,1666.0,1906.0,31.03,45.23,3414.0,3930.0
AND,LIVERMORE,416.0,627.0,62.0,14.0,381.0,1500,199,268,591.0,534.0,33.67,50.19,797.0,1008.0
AND,LIVERMORE FALLS,370.0,597.0,66.0,15.0,539.0,1587,212,174,596.0,381.0,35.57,45.67,909.0,1136.0
AND,MECHANIC FALLS,451.0,689.0,105.0,22.0,611.0,1878,155,206,524.0,571.0,29.58,36.08,1062.0,1300.0
AND,MINOT,436.0,782.0,113.0,23.0,607.0,1961,174,206,466.0,648.0,37.34,31.79,1043.0,1389.0
AND,POLAND,1006.0,1359.0,186.0,15.0,1189.0,3755,355,436,1089.0,1249.0,32.6,34.91,2195.0,2548.0
AND,SABATTUS,810.0,1282.0,139.0,42.0,967.0,3240,231,323,1084.0,977.0,21.31,33.06,1777.0,2249.0
AND,TURNER,858.0,1646.0,130.0,39.0,1240.0,3913,349,662,1058.0,1409.0,32.99,46.98,2098.0,2886.0
AND,WALES,163.0,415.0,52.0,7.0,382.0,1019,64,163,244.0,370.0,26.23,44.05,545.0,797.0
ARO,ALLAGASH,56.0,55.0,9.0,0.0,51.0,171,20,8,102.0,56.0,19.61,14.29,107.0,106.0
ARO,AMITY,21.0,78.0,3.0,2.0,71.0,175,7,24,33.0,50.0,21.21,48.0,92.0,149.0
ARO,ASHLAND,157.0,275.0,12.0,4.0,281.0,729,46,67,263.0,194.0,17.49,34.54,438.0,556.0
ARO,BENEDICTA TWP,25.0,53.0,3.0,1.0,43.0,125,8,0,30.0,45.0,26.67,0.0,68.0,96.0
ARO,BLAINE,59.0,243.0,11.0,2.0,136.0,451,20,83,100.0,266.0,20.0,31.2,195.0,379.0
ARO,BRIDGEWATER,47.0,149.0,14.0,0.0,110.0,320,29,47,85.0,166.0,34.12,28.31,157.0,259.0
ARO,CARIBOU,1032.0,1640.0,141.0,15.0,1229.0,4057,351,525,1659.0,1700.0,21.16,30.88,2261.0,2869.0
ARO,CARY TWP,6.0,82.0,13.0,0.0,31.0,132,0,0,,,,,37.0,113.0
ARO,CASTLE HILL,52.0,114.0,13.0,3.0,72.0,254,18,39,63.0,117.0,28.57,33.33,124.0,186.0
ARO,CASWELL,44.0,45.0,6.0,1.0,44.0,140,13,12,93.0,42.0,13.98,28.57,88.0,89.0
ARO,CHAPMAN,63.0,122.0,10.0,1.0,87.0,283,25,35,91.0,104.0,27.47,33.65,150.0,209.0
ARO,CONNOR TWP,45.0,87.0,9.0,1.0,71.0,213,14,0,91.0,65.0,15.38,0.0,116.0,158.0
ARO,CROSS LAKE TWP (T17 R5),51.0,68.0,14.0,0.0,37.0,170,0,19,54.0,47.0,0.0,40.43,88.0,105.0
ARO,CRYSTAL,19.0,76.0,11.0,0.0,64.0,170,4,28,30.0,79.0,13.33,35.44,83.0,140.0
ARO,CYR PLT,22.0,22.0,4.0,2.0,12.0,62,12,11,26.0,18.0,46.15,61.11,34.0,34.0
ARO,DYER BROOK,20.0,90.0,5.0,0.0,42.0,157,10,38,35.0,75.0,28.57,50.67,62.0,132.0
ARO,EAGLE LAKE,190.0,169.0,16.0,0.0,163.0,538,80,31,331.0,109.0,24.17,28.44,353.0,332.0
ARO,EASTON,146.0,376.0,25.0,6.0,208.0,761,74,130,244.0,342.0,30.33,38.01,354.0,584.0
ARO,FORT FAIRFIELD,500.0,716.0,69.0,11.0,529.0,1825,145,177,791.0,642.0,18.33,27.57,1029.0,1245.0
ARO,FORT KENT,893.0,801.0,35.0,5.0,666.0,2400,344,185,1478.0,592.0,23.27,31.25,1559.0,1467.0
ARO,FRENCHVILLE,257.0,210.0,17.0,0.0,162.0,646,78,39,436.0,102.0,17.89,38.24,419.0,372.0
ARO,GARFIELD PLT,7.0,30.0,0.0,2.0,26.0,65,5,10,9.0,32.0,55.56,31.25,33.0,56.0
ARO,GLENWOOD PLT,0.0,0.0,0.0,0.0,4.0,4,0,0,4.0,1.0,0.0,0.0,4.0,4.0
ARO,GRAND ISLE,111.0,56.0,18.0,1.0,82.0,268,45,11,196.0,35.0,22.96,31.43,193.0,138.0
ARO,HAMLIN,34.0,34.0,3.0,1.0,44.0,116,12,11,59.0,28.0,20.34,39.29,78.0,78.0
ARO,HAMMOND,9.0,22.0,1.0,1.0,27.0,60,1,7,10.0,24.0,10.0,29.17,36.0,49.0
ARO,HAYNESVILLE,17.0,28.0,5.0,0.0,26.0,76,6,9,24.0,20.0,25.0,45.0,43.0,54.0
ARO,HERSEY,3.0,24.0,3.0,2.0,14.0,46,0,10,7.0,25.0,0.0,40.0,17.0,38.0
ARO,HODGDON,102.0,406.0,25.0,4.0,223.0,760,29,127,168.0,395.0,17.26,32.15,325.0,629.0
ARO,HOULTON,618.0,1200.0,97.0,17.0,1032.0,2964,205,320,819.0,1253.0,25.03,25.54,1650.0,2232.0
ARO,ISLAND FALLS,87.0,225.0,21.0,3.0,146.0,482,51,75,145.0,190.0,35.17,39.47,233.0,371.0
ARO,LIMESTONE,208.0,308.0,30.0,4.0,326.0,876,106,132,554.0,390.0,19.13,33.85,534.0,634.0
ARO,LINNEUS,53.0,301.0,7.0,2.0,216.0,579,21,62,89.0,242.0,23.6,25.62,269.0,517.0
ARO,LITTLETON,91.0,260.0,13.0,1.0,193.0,558,34,67,117.0,239.0,29.06,28.03,284.0,453.0
ARO,LUDLOW,44.0,102.0,10.0,2.0,123.0,281,12,29,47.0,104.0,25.53,27.88,167.0,225.0
ARO,MACWAHOC PLT,12.0,19.0,4.0,0.0,8.0,43,2,2,24.0,14.0,8.33,14.29,20.0,27.0
ARO,MADAWASKA,1061.0,652.0,108.0,5.0,525.0,2351,381,93,1794.0,406.0,21.24,22.91,1586.0,1177.0
ARO,MADAWASKA LAKE,40.0,51.0,4.0,0.0,22.0,117,16,31,,,,,62.0,73.0
ARO,MAPLETON,252.0,580.0,67.0,10.0,334.0,1243,88,229,316.0,571.0,27.85,40.11,586.0,914.0
ARO,MARS HILL,117.0,412.0,31.0,2.0,217.0,779,36,129,195.0,476.0,18.46,27.1,334.0,629.0
ARO,MASARDIS,24.0,57.0,7.0,1.0,52.0,141,0,19,38.0,52.0,0.0,36.54,76.0,109.0
ARO,MERRILL,32.0,71.0,3.0,4.0,50.0,160,6,19,38.0,52.0,15.79,36.54,82.0,121.0
ARO,MONTICELLO,51.0,213.0,11.0,2.0,160.0,437,26,90,112.0,219.0,23.21,41.1,211.0,373.0
ARO,MORO PLT,2.0,17.0,1.0,0.0,9.0,29,1,7,3.0,18.0,33.33,38.89,11.0,26.0
ARO,NASHVILLE PLT,7.0,11.0,0.0,0.0,6.0,24,2,2,14.0,5.0,14.29,40.0,13.0,17.0
ARO,NEW CANADA,60.0,73.0,6.0,0.0,49.0,188,27,13,91.0,42.0,29.67,30.95,109.0,122.0
ARO,NEW LIMERICK,54.0,197.0,6.0,1.0,112.0,370,25,62,81.0,209.0,30.86,29.67,166.0,309.0
ARO,NEW SWEDEN,84.0,147.0,13.0,0.0,139.0,383,40,43,121.0,166.0,33.06,25.9,223.0,286.0
ARO,OAKFIELD,82.0,211.0,21.0,7.0,141.0,462,23,52,121.0,171.0,19.01,30.41,223.0,352.0
ARO,ORIENT,16.0,40.0,0.0,0.0,32.0,88,11,13,22.0,36.0,50.0,36.11,48.0,72.0
ARO,OXBOW NORTH TWP,6.0,27.0,4.0,0.0,15.0,52,0,6,9.0,25.0,0.0,24.0,21.0,42.0
ARO,PERHAM,47.0,138.0,11.0,0.0,78.0,274,11,38,72.0,116.0,15.28,32.76,125.0,216.0
ARO,PORTAGE LAKE,55.0,119.0,12.0,4.0,101.0,291,27,39,89.0,88.0,30.34,44.32,156.0,220.0
ARO,PRESQUE ISLE,1185.0,1720.0,202.0,48.0,1385.0,4540,450,639,1908.0,2041.0,23.58,31.31,2570.0,3105.0
ARO,REED PLT,14.0,53.0,6.0,0.0,20.0,93,4,24,15.0,44.0,26.67,54.55,34.0,73.0
ARO,SAINT AGATHA,188.0,180.0,39.0,1.0,104.0,512,84,0,351.0,98.0,23.93,0.0,292.0,284.0
ARO,SAINT FRANCIS,103.0,73.0,8.0,0.0,76.0,260,25,12,197.0,50.0,12.69,24.0,179.0,149.0
ARO,SAINT JOHN PLT,72.0,50.0,3.0,0.0,43.0,168,15,12,109.0,22.0,13.76,54.55,115.0,93.0
ARO,SHERMAN,60.0,271.0,13.0,0.0,178.0,522,37,138,88.0,248.0,42.05,55.65,238.0,449.0
ARO,SILVER RIDGE TWP,1.0,36.0,2.0,2.0,12.0,53,0,0,6.0,34.0,0.0,0.0,13.0,48.0
ARO,SINCLAIR,60.0,42.0,23.0,1.0,45.0,171,0,0,,,,,105.0,87.0
ARO,SMYRNA,36.0,90.0,2.0,1.0,61.0,190,12,20,54.0,49.0,22.22,40.82,97.0,151.0
ARO,STOCKHOLM,49.0,69.0,7.0,0.0,42.0,167,28,29,84.0,58.0,33.33,50.0,91.0,111.0
ARO,VAN BUREN,440.0,251.0,38.0,4.0,276.0,1009,175,65,760.0,191.0,23.03,34.03,716.0,527.0
ARO,WADE,32.0,90.0,10.0,3.0,46.0,181,9,25,50.0,82.0,18.0,30.49,78.0,136.0
ARO,WALLAGRASS,127.0,94.0,11.0,2.0,94.0,328,76,16,199.0,47.0,38.19,34.04,221.0,188.0
ARO,WASHBURN,174.0,383.0,22.0,8.0,275.0,862,68,128,264.0,387.0,25.76,33.07,449.0,658.0
ARO,WESTFIELD,58.0,151.0,14.0,1.0,72.0,296,19,48,99.0,141.0,19.19,34.04,130.0,223.0
ARO,WESTMANLAND,9.0,34.0,6.0,0.0,25.0,74,2,13,9.0,22.0,22.22,59.09,34.0,59.0
ARO,WESTON,31.0,115.0,8.0,1.0,74.0,229,18,30,62.0,91.0,29.03,32.97,105.0,189.0
ARO,WINTERVILLE PLT,41.0,57.0,8.0,0.0,53.0,159,17,16,83.0,35.0,20.48,45.71,94.0,110.0
ARO,WOODLAND,136.0,369.0,31.0,6.0,207.0,749,56,97,207.0,340.0,27.05,28.53,343.0,576.0
CUM,BALDWIN,211.0,531.0,43.0,3.0,333.0,1121,67,190,268.0,453.0,25.0,41.94,544.0,864.0
CUM,BRIDGTON,1126.0,1282.0,187.0,31.0,1299.0,3925,438,534,1090.0,1317.0,40.18,40.55,2425.0,2581.0
CUM,BRUNSWICK,7911.0,2887.0,438.0,41.0,4784.0,16061,3147,1172,7603.0,3672.0,41.39,31.92,12695.0,7671.0
CUM,CAPE ELIZABETH,4074.0,1228.0,106.0,6.0,1974.0,7388,2254,867,3454.0,1977.0,65.26,43.85,6048.0,3202.0
CUM,CASCO,684.0,834.0,128.0,17.0,860.0,2523,261,295,837.0,876.0,31.18,33.68,1544.0,1694.0
CUM,CHEBEAGUE ISLAND,192.0,68.0,13.0,0.0,85.0,358,105,50,157.0,83.0,66.88,60.24,277.0,153.0
CUM,CUMBERLAND,2830.0,1540.0,113.0,16.0,2030.0,6529,698,936,2207.0,2124.0,31.63,44.07,4860.0,3570.0
CUM,FALMOUTH,4434.0,2232.0,127.0,29.0,2879.0,9701,2005,1210,3206.0,2765.0,62.54,43.76,7313.0,5111.0
CUM,FREEPORT,3135.0,1248.0,145.0,27.0,2079.0,6634,1443,576,2821.0,1508.0,51.15,38.2,5214.0,3327.0
CUM,FRYE ISLAND,15.0,15.0,2.0,0.0,22.0,54,9,7,31.0,48.0,29.03,14.58,37.0,37.0
CUM,GORHAM,4498.0,3562.0,384.0,49.0,3860.0,12353,1644,1785,4255.0,3767.0,38.64,47.39,8358.0,7422.0
CUM,GRAY,1691.0,1922.0,192.0,49.0,2090.0,5944,554,734,1639.0,1883.0,33.8,38.98,3781.0,4012.0
CUM,HARPSWELL,1625.0,1063.0,109.0,11.0,1339.0,4147,874,533,1336.0,1062.0,65.42,50.19,2964.0,2402.0
CUM,HARRISON,461.0,656.0,77.0,11.0,628.0,1833,193,278,441.0,580.0,43.76,47.93,1089.0,1284.0
CUM,LONG ISLAND,90.0,37.0,8.0,0.0,69.0,204,54,33,85.0,59.0,63.53,55.93,159.0,106.0
CUM,NAPLES,681.0,1096.0,75.0,20.0,959.0,2831,244,367,743.0,981.0,32.84,37.41,1640.0,2055.0
CUM,NEW GLOUCESTER,1107.0,1330.0,220.0,34.0,1286.0,3977,454,561,1011.0,1216.0,44.91,46.13,2393.0,2616.0
CUM,NORTH YARMOUTH,1332.0,876.0,100.0,5.0,974.0,3287,609,480,1089.0,969.0,55.92,49.54,2306.0,1850.0
CUM,PORTLAND,26987.0,4241.0,1400.0,304.0,11515.0,44447,11252,1865,28130.0,7019.0,40.0,26.57,38502.0,15756.0
CUM,POWNAL,469.0,364.0,52.0,2.0,440.0,1327,239,186,395.0,356.0,60.51,52.25,909.0,804.0
CUM,RAYMOND,1025.0,1148.0,116.0,22.0,1158.0,3469,416,480,1110.0,1225.0,37.48,39.18,2183.0,2306.0
CUM,SCARBOROUGH,6551.0,4122.0,365.0,52.0,5516.0,16606,2331,2096,5178.0,4953.0,45.02,42.32,12067.0,9638.0
CUM,SEBAGO,365.0,568.0,69.0,6.0,424.0,1432,157,179,420.0,491.0,37.38,36.46,789.0,992.0
CUM,SOUTH PORTLAND,9093.0,2514.0,562.0,82.0,4954.0,17205,3692,1152,8678.0,3607.0,42.54,31.94,14047.0,7468.0
CUM,STANDISH,1837.0,2505.0,327.0,31.0,1992.0,6692,586,871,1974.0,2294.0,29.69,37.97,3829.0,4497.0
CUM,WESTBROOK,5113.0,2343.0,421.0,58.0,3674.0,11609,1770,972,5043.0,2876.0,35.1,33.8,8787.0,6017.0
CUM,WINDHAM,3921.0,3959.0,413.0,65.0,4036.0,12394,1157,1284,3657.0,3598.0,31.64,35.69,7957.0,7995.0
CUM,YARMOUTH,3403.0,1199.0,200.0,23.0,1878.0,6703,1632,885,2854.0,1964.0,57.18,45.06,5281.0,3077.0
FRA,AVON,72.0,125.0,8.0,2.0,93.0,300,20,37,92.0,104.0,21.74,35.58,165.0,218.0
FRA,CARRABASSETT VALLEY,220.0,155.0,24.0,1.0,208.0,608,76,67,187.0,198.0,40.64,33.84,428.0,363.0
FRA,CARTHAGE,71.0,139.0,21.0,0.0,139.0,370,28,31,112.0,96.0,25.0,32.29,210.0,278.0
FRA,CHESTERVILLE,194.0,349.0,47.0,1.0,312.0,903,96,112,257.0,273.0,37.35,41.03,506.0,661.0
FRA,COPLIN PLT,39.0,46.0,9.0,0.0,34.0,128,14,18,38.0,51.0,36.84,35.29,73.0,80.0
FRA,DALLAS PLT,57.0,102.0,9.0,1.0,86.0,255,36,27,49.0,78.0,73.47,34.62,143.0,188.0
FRA,EUSTIS,110.0,212.0,31.0,5.0,191.0,549,40,75,141.0,199.0,28.37,37.69,301.0,403.0
FRA,FARMINGTON,1351.0,1428.0,157.0,19.0,1319.0,4274,568,716,1760.0,1899.0,32.27,37.7,2670.0,2747.0
FRA,INDUSTRY,122.0,192.0,16.0,0.0,202.0,532,84,77,150.0,209.0,56.0,36.84,324.0,394.0
FRA,JAY,925.0,928.0,82.0,15.0,847.0,2797,420,295,1241.0,776.0,33.84,38.02,1772.0,1775.0
FRA,KINGFIELD,203.0,377.0,46.0,6.0,315.0,947,98,186,193.0,404.0,50.78,46.04,518.0,692.0
FRA,NEW SHARON,244.0,412.0,49.0,6.0,353.0,1064,122,167,282.0,428.0,43.26,39.02,597.0,765.0
FRA,NEW VINEYARD,108.0,216.0,21.0,2.0,164.0,511,50,99,141.0,229.0,35.46,43.23,272.0,380.0
FRA,PHILLIPS,154.0,295.0,33.0,4.0,268.0,754,82,99,217.0,283.0,37.79,34.98,422.0,563.0
FRA,RANGELEY,196.0,400.0,52.0,3.0,305.0,956,84,164,237.0,417.0,35.44,39.33,501.0,705.0
FRA,RANGELEY PLT,32.0,70.0,2.0,0.0,59.0,163,16,40,44.0,73.0,36.36,54.79,91.0,129.0
FRA,SANDY RIVER PLT,40.0,40.0,2.0,1.0,38.0,121,19,18,34.0,33.0,55.88,54.55,78.0,78.0
FRA,STRONG,190.0,432.0,26.0,2.0,277.0,927,71,159,237.0,408.0,29.96,38.97,467.0,709.0
FRA,TEMPLE,129.0,123.0,9.0,0.0,94.0,355,64,47,159.0,125.0,40.25,37.6,223.0,217.0
FRA,WELD,97.0,129.0,10.0,2.0,105.0,343,52,65,108.0,126.0,48.15,51.59,202.0,234.0
FRA,WILTON,650.0,880.0,82.0,9.0,768.0,2389,311,361,770.0,915.0,40.39,39.45,1418.0,1648.0
HAN,AMHERST,48.0,112.0,8.0,1.0,49.0,218,26,36,56.0,82.0,46.43,43.9,97.0,161.0
HAN,AURORA,14.0,38.0,4.0,1.0,30.0,87,5,20,15.0,45.0,33.33,44.44,44.0,68.0
HAN,BAR HARBOR,2023.0,693.0,89.0,16.0,1245.0,4066,1019,309,1920.0,844.0,53.07,36.61,3268.0,1938.0
HAN,BLUE HILL,1105.0,491.0,62.0,8.0,665.0,2331,532,188,989.0,595.0,53.79,31.6,1770.0,1156.0
HAN,BROOKLIN,331.0,139.0,24.0,2.0,200.0,696,174,73,275.0,183.0,63.27,39.89,531.0,339.0
HAN,BROOKSVILLE,342.0,169.0,46.0,0.0,197.0,754,191,81,315.0,201.0,60.63,40.3,539.0,366.0
HAN,BUCKSPORT,895.0,1120.0,90.0,13.0,1063.0,3181,331,356,1033.0,1135.0,32.04,31.37,1958.0,2183.0
HAN,CASTINE,298.0,119.0,11.0,5.0,197.0,630,143,73,311.0,331.0,45.98,22.05,495.0,316.0
HAN,CRANBERRY ISLES,65.0,19.0,3.0,0.0,62.0,149,36,19,67.0,41.0,53.73,46.34,127.0,81.0
HAN,DEDHAM,329.0,461.0,60.0,4.0,416.0,1270,158,182,350.0,488.0,45.14,37.3,745.0,877.0
HAN,DEER ISLE,604.0,368.0,35.0,2.0,456.0,1465,300,149,584.0,384.0,51.37,38.8,1060.0,824.0
HAN,EASTBROOK,51.0,150.0,15.0,2.0,81.0,299,14,35,75.0,129.0,18.67,27.13,132.0,231.0
HAN,ELLSWORTH,1623.0,2052.0,190.0,34.0,1653.0,5552,611,725,1533.0,2179.0,39.86,33.27,3276.0,3705.0
HAN,FRANKLIN,288.0,405.0,49.0,4.0,307.0,1053,110,143,270.0,393.0,40.74,36.39,595.0,712.0
HAN,FRENCHBORO,10.0,13.0,1.0,0.0,12.0,36,5,3,13.0,11.0,38.46,27.27,22.0,25.0
HAN,GOULDSBORO,358.0,495.0,46.0,4.0,354.0,1257,188,208,384.0,532.0,48.96,39.1,712.0,849.0
HAN,GREAT POND,11.0,15.0,2.0,0.0,16.0,44,6,11,9.0,16.0,66.67,68.75,27.0,31.0
HAN,HANCOCK,429.0,688.0,80.0,11.0,482.0,1690,212,212,424.0,665.0,50.0,31.88,911.0,1170.0
HAN,LAMOINE,424.0,448.0,43.0,4.0,385.0,1304,230,209,400.0,534.0,57.5,39.14,809.0,833.0
HAN,MARIAVILLE,88.0,154.0,7.0,1.0,129.0,379,35,56,78.0,118.0,44.87,47.46,217.0,283.0
HAN,MOUNT DESERT,775.0,304.0,30.0,8.0,426.0,1543,414,148,723.0,485.0,57.26,30.52,1201.0,730.0
HAN,ORLAND,460.0,560.0,84.0,5.0,542.0,1651,248,213,491.0,455.0,50.51,46.81,1002.0,1102.0
HAN,OSBORN,5.0,35.0,0.0,0.0,15.0,55,6,18,10.0,31.0,60.0,58.06,20.0,50.0
HAN,OTIS,105.0,255.0,27.0,1.0,160.0,548,43,95,135.0,222.0,31.85,42.79,265.0,415.0
HAN,PENOBSCOT,338.0,272.0,33.0,3.0,283.0,929,194,122,331.0,303.0,58.61,40.26,621.0,555.0
HAN,SEDGWICK,419.0,218.0,27.0,1.0,268.0,933,190,102,371.0,244.0,51.21,41.8,687.0,486.0
HAN,SORRENTO,69.0,97.0,3.0,0.0,61.0,230,48,47,109.0,91.0,44.04,51.65,130.0,158.0
HAN,SOUTHWEST HARBOR,575.0,291.0,31.0,2.0,365.0,1264,299,160,539.0,378.0,55.47,42.33,940.0,656.0
HAN,STONINGTON,286.0,154.0,24.0,1.0,255.0,720,105,57,294.0,172.0,35.71,33.14,541.0,409.0
HAN,SULLIVAN,227.0,280.0,38.0,6.0,288.0,839,100,115,223.0,267.0,44.84,43.07,515.0,568.0
HAN,SURRY,418.0,413.0,40.0,6.0,366.0,1243,246,163,434.0,428.0,56.68,38.08,784.0,779.0
HAN,SWANS ISLAND,77.0,118.0,22.0,2.0,93.0,312,34,57,64.0,126.0,53.12,45.24,170.0,211.0
HAN,TREMONT,432.0,301.0,39.0,4.0,347.0,1123,178,97,385.0,317.0,46.23,30.6,779.0,648.0
HAN,TRENTON,351.0,357.0,40.0,8.0,348.0,1104,124,136,304.0,375.0,40.79,36.27,699.0,705.0
HAN,VERONA ISLAND,108.0,155.0,12.0,3.0,119.0,397,37,54,126.0,151.0,29.37,35.76,227.0,274.0
HAN,WALTHAM,49.0,155.0,8.0,1.0,71.0,284,11,61,50.0,142.0,22.0,42.96,120.0,226.0
HAN,WINTER HARBOR,113.0,156.0,9.0,1.0,91.0,370,49,53,104.0,170.0,47.12,31.18,204.0,247.0
KEN,ALBION,260.0,627.0,42.0,8.0,408.0,1345,103,213,338.0,550.0,30.47,38.73,668.0,1035.0
KEN,AUGUSTA,3778.0,3334.0,403.0,80.0,3290.0,10885,1577,1152,4709.0,3683.0,33.49,31.28,7068.0,6624.0
KEN,BELGRADE,617.0,898.0,98.0,16.0,783.0,2412,273,323,651.0,850.0,41.94,38.0,1400.0,1681.0
KEN,BENTON,358.0,757.0,67.0,5.0,504.0,1691,160,260,477.0,617.0,33.54,42.14,862.0,1261.0
KEN,CHELSEA,422.0,657.0,72.0,8.0,558.0,1717,233,247,558.0,547.0,41.76,45.16,980.0,1215.0
KEN,CHINA,710.0,1111.0,71.0,12.0,893.0,2797,288,428,745.0,938.0,38.66,45.63,1603.0,2004.0
KEN,CLINTON,402.0,817.0,81.0,6.0,588.0,1894,170,272,603.0,706.0,28.19,38.53,990.0,1405.0
KEN,FARMINGDALE,616.0,642.0,80.0,19.0,575.0,1932,255,262,740.0,730.0,34.46,35.89,1191.0,1217.0
KEN,FAYETTE,268.0,323.0,28.0,7.0,282.0,908,150,116,304.0,274.0,49.34,42.34,550.0,605.0
KEN,GARDINER,1278.0,1073.0,215.0,14.0,1013.0,3593,603,424,1445.0,1165.0,41.73,36.39,2291.0,2086.0
KEN,HALLOWELL,1052.0,369.0,57.0,11.0,477.0,1966,632,187,996.0,469.0,63.45,39.87,1529.0,846.0
KEN,LITCHFIELD,571.0,1016.0,89.0,16.0,769.0,2461,233,374,679.0,835.0,34.32,44.79,1340.0,1785.0
KEN,MANCHESTER,497.0,685.0,60.0,3.0,536.0,1781,274,302,604.0,719.0,45.36,42.0,1033.0,1221.0
KEN,MONMOUTH,728.0,1128.0,145.0,11.0,896.0,2908,284,352,822.0,1020.0,34.55,34.51,1624.0,2024.0
KEN,MOUNT VERNON,398.0,446.0,65.0,9.0,388.0,1306,199,142,411.0,388.0,48.42,36.6,786.0,834.0
KEN,OAKLAND,1044.0,1469.0,107.0,17.0,1322.0,3959,420,546,1215.0,1395.0,34.57,39.14,2366.0,2791.0
KEN,PITTSTON,461.0,818.0,76.0,12.0,631.0,1998,216,268,578.0,738.0,37.37,36.31,1092.0,1449.0
KEN,RANDOLPH,331.0,410.0,59.0,4.0,315.0,1119,148,142,438.0,366.0,33.79,38.8,646.0,725.0
KEN,READFIELD,606.0,649.0,77.0,11.0,592.0,1935,341,253,681.0,654.0,50.07,38.69,1198.0,1241.0
KEN,ROME,239.0,261.0,34.0,4.0,255.0,793,102,69,250.0,229.0,40.8,30.13,494.0,516.0
KEN,SIDNEY,733.0,1433.0,125.0,15.0,1009.0,3315,298,475,800.0,1177.0,37.25,40.36,1742.0,2442.0
KEN,VASSALBORO,767.0,1051.0,155.0,23.0,871.0,2867,326,417,921.0,988.0,35.4,42.21,1638.0,1922.0
KEN,VIENNA,134.0,123.0,34.0,2.0,165.0,458,93,38,165.0,118.0,56.36,32.2,299.0,288.0
KEN,WATERVILLE,3542.0,1853.0,220.0,76.0,2591.0,8282,1574,796,5201.0,2260.0,30.26,35.22,6133.0,4444.0
KEN,WAYNE,352.0,271.0,13.0,1.0,297.0,934,210,156,345.0,280.0,60.87,55.71,649.0,568.0
KEN,WEST GARDINER,629.0,1043.0,119.0,19.0,824.0,2634,273,370,726.0,929.0,37.6,39.83,1453.0,1867.0
KEN,WINDSOR,330.0,739.0,73.0,14.0,520.0,1676,131,289,434.0,665.0,30.18,43.46,850.0,1259.0
KEN,WINSLOW,1483.0,1772.0,152.0,28.0,1605.0,5040,753,684,1904.0,1586.0,39.55,43.13,3088.0,3377.0
KEN,WINTHROP,1301.0,1379.0,187.0,20.0,1309.0,4196,649,534,1456.0,1465.0,44.57,36.45,2610.0,2688.0
KNO,APPLETON,331.0,324.0,55.0,6.0,295.0,1011,179,136,309.0,284.0,57.93,47.89,626.0,619.0
KNO,CAMDEN,2288.0,608.0,110.0,12.0,1086.0,4104,1180,407,1973.0,918.0,59.81,44.34,3374.0,1694.0
KNO,CUSHING,289.0,410.0,40.0,2.0,386.0,1127,133,140,276.0,335.0,48.19,41.79,675.0,796.0
KNO,FRIENDSHIP,227.0,391.0,42.0,6.0,252.0,918,94,146,220.0,375.0,42.73,38.93,479.0,643.0
KNO,HOPE,444.0,359.0,28.0,7.0,386.0,1224,237,172,367.0,380.0,64.58,45.26,830.0,745.0
KNO,ISLE AU HAUT,47.0,4.0,1.0,1.0,19.0,72,25,6,49.0,12.0,51.02,50.0,66.0,23.0
KNO,MATINICUS ISLE PLT,21.0,7.0,1.0,0.0,25.0,54,11,8,29.0,28.0,37.93,28.57,46.0,32.0
KNO,NORTH HAVEN,182.0,41.0,5.0,1.0,97.0,326,89,12,185.0,55.0,48.11,21.82,279.0,138.0
KNO,OWLS HEAD,418.0,373.0,23.0,2.0,385.0,1201,194,169,373.0,423.0,52.01,39.95,803.0,758.0
KNO,ROCKLAND,1935.0,909.0,90.0,25.0,1417.0,4376,782,372,1779.0,1217.0,43.96,30.57,3352.0,2326.0
KNO,ROCKPORT,1269.0,588.0,63.0,10.0,831.0,2761,560,307,1109.0,824.0,50.5,37.26,2100.0,1419.0
KNO,SAINT GEORGE,806.0,501.0,49.0,7.0,642.0,2005,386,235,751.0,519.0,51.4,45.28,1448.0,1143.0
KNO,SOUTH THOMASTON,417.0,323.0,24.0,6.0,398.0,1168,170,115,363.0,357.0,46.83,32.21,815.0,721.0
KNO,THOMASTON,694.0,511.0,76.0,9.0,561.0,1851,287,220,648.0,555.0,44.29,39.64,1255.0,1072.0
KNO,UNION,454.0,692.0,80.0,3.0,557.0,1786,221,284,396.0,651.0,55.81,43.63,1011.0,1249.0
KNO,VINALHAVEN,359.0,211.0,32.0,5.0,284.0,891,189,64,363.0,163.0,52.07,39.26,643.0,495.0
KNO,WARREN,627.0,997.0,126.0,14.0,835.0,2599,215,326,587.0,888.0,36.63,36.71,1462.0,1832.0
KNO,WASHINGTON,262.0,394.0,43.0,5.0,389.0,1093,126,160,297.0,351.0,42.42,45.58,651.0,783.0
LIN,ALNA,256.0,159.0,26.0,5.0,168.0,614,133,94,212.0,170.0,62.74,55.29,424.0,327.0
LIN,BOOTHBAY,790.0,704.0,91.0,6.0,784.0,2375,333,329,674.0,858.0,49.41,38.34,1574.0,1488.0
LIN,BOOTHBAY HARBOR,540.0,458.0,38.0,8.0,491.0,1535,262,234,528.0,604.0,49.62,38.74,1031.0,949.0
LIN,BREMEN,307.0,133.0,20.0,1.0,226.0,687,107,72,230.0,168.0,46.52,42.86,533.0,359.0
LIN,BRISTOL,912.0,633.0,49.0,4.0,761.0,2359,381,331,692.0,750.0,55.06,44.13,1673.0,1394.0
LIN,DAMARISCOTTA,720.0,355.0,67.0,6.0,464.0,1612,308,164,655.0,470.0,47.02,34.89,1184.0,819.0
LIN,DRESDEN,359.0,453.0,51.0,14.0,414.0,1291,192,189,399.0,421.0,48.12,44.89,773.0,867.0
LIN,EDGECOMB,399.0,256.0,37.0,2.0,276.0,970,151,120,334.0,321.0,45.21,37.38,675.0,532.0
LIN,JEFFERSON,501.0,723.0,71.0,12.0,614.0,1921,257,310,481.0,696.0,53.43,44.54,1115.0,1337.0
LIN,MONHEGAN ISLAND PLT,42.0,6.0,5.0,1.0,14.0,68,30,2,40.0,8.0,75.0,25.0,56.0,20.0
LIN,NEWCASTLE,694.0,338.0,61.0,6.0,421.0,1520,329,175,571.0,364.0,57.62,48.08,1115.0,759.0
LIN,NOBLEBORO,508.0,495.0,58.0,7.0,432.0,1500,241,216,421.0,494.0,57.24,43.72,940.0,927.0
LIN,SOMERVILLE,78.0,159.0,24.0,2.0,130.0,393,50,89,92.0,143.0,54.35,62.24,208.0,289.0
LIN,SOUTH BRISTOL,312.0,211.0,21.0,1.0,267.0,812,128,93,249.0,220.0,51.41,42.27,579.0,478.0
LIN,SOUTHPORT,190.0,165.0,10.0,2.0,141.0,508,86,121,159.0,235.0,54.09,51.49,331.0,306.0
LIN,WALDOBORO,966.0,1228.0,117.0,12.0,1051.0,3374,395,487,1017.0,1221.0,38.84,39.89,2017.0,2279.0
LIN,WESTPORT ISLAND,215.0,181.0,21.0,3.0,196.0,616,104,118,172.0,214.0,60.47,55.14,411.0,377.0
LIN,WHITEFIELD,447.0,560.0,76.0,5.0,503.0,1591,267,212,510.0,525.0,52.35,40.38,950.0,1063.0
LIN,WISCASSET,762.0,847.0,98.0,10.0,867.0,2584,281,398,696.0,968.0,40.37,41.12,1629.0,1714.0
OXF,ALBANY TWP,91.0,122.0,18.0,1.0,135.0,367,44,47,94.0,110.0,46.81,42.73,226.0,257.0
OXF,ANDOVER,114.0,227.0,25.0,0.0,215.0,581,52,99,138.0,194.0,37.68,51.03,329.0,442.0
OXF,BETHEL,593.0,533.0,45.0,8.0,784.0,1963,242,260,563.0,601.0,42.98,43.26,1377.0,1317.0
OXF,BROWNFIELD,297.0,336.0,77.0,7.0,435.0,1152,103,114,282.0,285.0,36.52,40.0,732.0,771.0
OXF,BUCKFIELD,232.0,499.0,42.0,11.0,564.0,1348,88,166,256.0,371.0,34.38,44.74,796.0,1063.0
OXF,BYRON,25.0,46.0,8.0,0.0,35.0,114,15,14,39.0,28.0,38.46,50.0,60.0,81.0
OXF,CANTON,121.0,252.0,27.0,7.0,187.0,594,51,122,234.0,221.0,21.79,55.2,308.0,439.0
OXF,DENMARK,247.0,317.0,33.0,1.0,303.0,901,106,133,240.0,319.0,44.17,41.69,550.0,620.0
OXF,DIXFIELD,253.0,528.0,84.0,6.0,537.0,1408,126,200,444.0,393.0,28.38,50.89,790.0,1065.0
OXF,FRYEBURG,729.0,639.0,103.0,8.0,802.0,2281,253,299,713.0,806.0,35.48,37.1,1531.0,1441.0
OXF,GILEAD,35.0,47.0,7.0,0.0,49.0,138,17,14,39.0,34.0,43.59,41.18,84.0,96.0
OXF,GREENWOOD,179.0,173.0,18.0,1.0,260.0,631,69,65,166.0,174.0,41.57,37.36,439.0,433.0
OXF,HANOVER,62.0,69.0,3.0,1.0,83.0,218,23,39,54.0,98.0,42.59,39.8,145.0,152.0
OXF,HARTFORD,171.0,334.0,44.0,1.0,248.0,798,51,76,205.0,246.0,24.88,30.89,419.0,582.0
OXF,HEBRON,193.0,310.0,54.0,11.0,316.0,884,61,100,238.0,281.0,25.63,35.59,509.0,626.0
OXF,HIRAM,255.0,412.0,23.0,3.0,369.0,1062,91,110,266.0,312.0,34.21,35.26,624.0,781.0
OXF,LINCOLN PLT,6.0,13.0,5.0,1.0,13.0,38,5,7,4.0,15.0,125.0,46.67,19.0,26.0
OXF,LOVELL,274.0,252.0,29.0,1.0,337.0,893,121,90,261.0,279.0,46.36,32.26,611.0,589.0
OXF,MAGALLOWAY TWP,3.0,7.0,1.0,1.0,10.0,22,0,0,,,,,13.0,17.0
OXF,MEXICO,401.0,395.0,52.0,8.0,512.0,1368,227,95,695.0,296.0,32.66,32.09,913.0,907.0
OXF,NEWRY,82.0,80.0,14.0,0.0,119.0,295,49,55,80.0,115.0,61.25,47.83,201.0,199.0
OXF,NORWAY,969.0,1075.0,157.0,15.0,1050.0,3266,343,390,1071.0,1124.0,32.03,34.7,2019.0,2125.0
OXF,OTISFIELD,347.0,490.0,65.0,8.0,421.0,1331,138,161,327.0,426.0,42.2,37.79,768.0,911.0
OXF,OXFORD,477.0,1124.0,102.0,21.0,926.0,2650,190,428,707.0,974.0,26.87,43.94,1403.0,2050.0
OXF,PARIS,758.0,1224.0,174.0,17.0,981.0,3154,273,425,968.0,1073.0,28.2,39.61,1739.0,2205.0
OXF,PERU,222.0,321.0,38.0,6.0,360.0,947,151,123,353.0,278.0,42.78,44.24,582.0,681.0
OXF,PORTER,196.0,383.0,37.0,9.0,393.0,1018,98,139,221.0,320.0,44.34,43.44,589.0,776.0
OXF,ROXBURY,64.0,92.0,16.0,2.0,103.0,277,35,28,106.0,74.0,33.02,37.84,167.0,195.0
OXF,RUMFORD,878.0,971.0,106.0,18.0,1010.0,2983,515,345,1672.0,800.0,30.8,43.12,1888.0,1981.0
OXF,STONEHAM,56.0,72.0,7.0,0.0,83.0,218,18,27,56.0,53.0,32.14,50.94,139.0,155.0
OXF,STOW,76.0,79.0,20.0,0.0,87.0,262,31,29,82.0,78.0,37.8,37.18,163.0,166.0
OXF,SUMNER,137.0,222.0,37.0,4.0,243.0,643,62,84,159.0,184.0,38.99,45.65,380.0,465.0
OXF,SWEDEN,85.0,81.0,22.0,0.0,115.0,303,38,35,79.0,89.0,48.1,39.33,200.0,196.0
OXF,UPTON,7.0,32.0,1.0,0.0,25.0,65,2,11,16.0,29.0,12.5,37.93,32.0,57.0
OXF,WATERFORD,296.0,423.0,42.0,3.0,350.0,1114,131,138,269.0,373.0,48.7,37.0,646.0,773.0
OXF,WEST PARIS,263.0,418.0,22.0,3.0,396.0,1102,105,123,316.0,380.0,33.23,32.37,659.0,814.0
OXF,WOODSTOCK,235.0,378.0,66.0,4.0,327.0,1010,89,108,289.0,321.0,30.8,33.64,562.0,705.0
PEN,ALTON,136.0,234.0,23.0,11.0,158.0,562,40,72,187.0,205.0,21.39,35.12,294.0,392.0
PEN,BANGOR,6422.0,4615.0,473.0,160.0,5415.0,17085,2386,1565,7693.0,6014.0,31.02,26.02,11837.0,10030.0
PEN,BRADFORD,112.0,363.0,27.0,7.0,256.0,765,36,114,165.0,293.0,21.82,38.91,368.0,619.0
PEN,BRADLEY,279.0,379.0,47.0,18.0,279.0,1002,120,82,421.0,290.0,28.5,28.28,558.0,658.0
PEN,BREWER,1700.0,2074.0,217.0,39.0,1587.0,5617,579,761,2041.0,2536.0,28.37,30.01,3287.0,3661.0
PEN,BURLINGTON,43.0,143.0,11.0,1.0,87.0,285,19,39,57.0,77.0,33.33,50.65,130.0,230.0
PEN,CARMEL,318.0,922.0,67.0,13.0,610.0,1930,114,270,398.0,764.0,28.64,35.34,928.0,1532.0
PEN,CARROLL PLT,8.0,57.0,5.0,1.0,29.0,100,4,23,14.0,48.0,28.57,47.92,37.0,86.0
PEN,CHARLESTON,113.0,451.0,14.0,3.0,250.0,831,45,130,147.0,414.0,30.61,31.4,363.0,701.0
PEN,CHESTER,51.0,227.0,16.0,0.0,88.0,382,18,83,103.0,208.0,17.48,39.9,139.0,315.0
PEN,CLIFTON,117.0,246.0,22.0,3.0,193.0,581,45,85,174.0,236.0,25.86,36.02,310.0,439.0
PEN,CORINNA,221.0,648.0,77.0,9.0,370.0,1325,98,241,302.0,628.0,32.45,38.38,591.0,1018.0
PEN,CORINTH,268.0,930.0,48.0,4.0,461.0,1711,156,287,363.0,867.0,42.98,33.1,729.0,1391.0
PEN,DEXTER,465.0,943.0,87.0,15.0,616.0,2126,177,286,628.0,863.0,28.18,33.14,1081.0,1559.0
PEN,DIXMONT,186.0,346.0,17.0,6.0,235.0,790,108,139,254.0,306.0,42.52,45.42,421.0,581.0
PEN,DREW TWP,3.0,6.0,4.0,1.0,4.0,18,0,0,,,,,7.0,10.0
PEN,EAST MILLINOCKET,305.0,424.0,45.0,2.0,201.0,977,177,133,543.0,371.0,32.6,35.85,506.0,625.0
PEN,EDDINGTON,330.0,692.0,76.0,14.0,429.0,1541,120,256,384.0,598.0,31.25,42.81,759.0,1121.0
PEN,EDINBURG,33.0,52.0,4.0,2.0,42.0,133,13,16,51.0,37.0,25.49,43.24,75.0,94.0
PEN,ENFIELD,234.0,440.0,22.0,0.0,262.0,958,107,117,385.0,363.0,27.79,32.23,496.0,702.0
PEN,ETNA,176.0,353.0,23.0,5.0,200.0,757,64,92,231.0,333.0,27.71,27.63,376.0,553.0
PEN,EXETER,109.0,297.0,8.0,2.0,184.0,600,50,111,169.0,275.0,29.59,40.36,293.0,481.0
PEN,GARLAND,128.0,326.0,23.0,4.0,215.0,696,50,103,162.0,251.0,30.86,41.04,343.0,541.0
PEN,GLENBURN,692.0,1257.0,112.0,17.0,944.0,3022,247,384,811.0,1155.0,30.46,33.25,1636.0,2201.0
PEN,GREENBUSH,136.0,346.0,27.0,25.0,265.0,799,34,111,250.0,314.0,13.6,35.35,401.0,611.0
PEN,HAMPDEN,1581.0,2053.0,174.0,55.0,1558.0,5421,634,731,1519.0,2104.0,41.74,34.74,3139.0,3611.0
PEN,HERMON,946.0,1962.0,113.0,20.0,1312.0,4353,285,578,1039.0,1778.0,27.43,32.51,2258.0,3274.0
PEN,HOLDEN,579.0,921.0,103.0,14.0,646.0,2263,215,371,629.0,1030.0,34.18,36.02,1225.0,1567.0
PEN,HOWLAND,175.0,299.0,22.0,6.0,198.0,700,117,93,340.0,278.0,34.41,33.45,373.0,497.0
PEN,HUDSON,186.0,416.0,36.0,4.0,302.0,944,54,126,242.0,355.0,22.31,35.49,488.0,718.0
PEN,KENDUSKEAG,151.0,396.0,37.0,3.0,257.0,844,68,110,229.0,330.0,29.69,33.33,408.0,653.0
PEN,KINGMAN TWP,5.0,50.0,4.0,2.0,17.0,78,0,0,41.0,28.0,0.0,0.0,22.0,67.0
PEN,LAGRANGE,73.0,171.0,14.0,10.0,122.0,390,22,54,110.0,139.0,20.0,38.85,195.0,293.0
PEN,LAKEVILLE,19.0,38.0,4.0,0.0,29.0,90,8,12,15.0,28.0,53.33,42.86,48.0,67.0
PEN,LEE,82.0,314.0,22.0,5.0,180.0,603,50,141,150.0,271.0,33.33,52.03,262.0,494.0
PEN,LEVANT,301.0,965.0,76.0,6.0,551.0,1899,84,272,399.0,799.0,21.05,34.04,852.0,1516.0
PEN,LINCOLN,589.0,1392.0,75.0,16.0,905.0,2977,206,359,815.0,1152.0,25.28,31.16,1494.0,2297.0
PEN,LOWELL,51.0,159.0,13.0,1.0,71.0,295,18,43,91.0,127.0,19.78,33.86,122.0,230.0
PEN,MATTAWAMKEAG,115.0,181.0,15.0,2.0,138.0,451,27,44,179.0,123.0,15.08,35.77,253.0,319.0
PEN,MAXFIELD,10.0,46.0,4.0,2.0,20.0,82,6,13,17.0,28.0,35.29,46.43,30.0,66.0
PEN,MEDWAY,171.0,356.0,36.0,2.0,221.0,786,88,118,303.0,307.0,29.04,38.44,392.0,577.0
PEN,MILFORD,613.0,674.0,88.0,36.0,604.0,2015,207,154,897.0,609.0,23.08,25.29,1217.0,1278.0
PEN,MILLINOCKET,868.0,921.0,68.0,10.0,920.0,2787,326,283,1243.0,818.0,26.23,34.6,1788.0,1841.0
PEN,MOUNT CHASE,32.0,80.0,8.0,0.0,41.0,161,11,27,28.0,62.0,39.29,43.55,73.0,121.0
PEN,NEWBURGH,250.0,450.0,32.0,11.0,371.0,1114,108,140,282.0,362.0,38.3,38.67,621.0,821.0
PEN,NEWPORT,425.0,973.0,44.0,17.0,552.0,2011,178,354,579.0,905.0,30.74,39.12,977.0,1525.0
PEN,OLD TOWN,1661.0,1168.0,176.0,116.0,1392.0,4513,571,353,2154.0,1315.0,26.51,26.84,3053.0,2560.0
PEN,ORONO,2678.0,1019.0,251.0,65.0,1993.0,6006,842,232,3613.0,1926.0,23.3,12.05,4671.0,3012.0
PEN,ORRINGTON,666.0,1160.0,145.0,16.0,790.0,2777,222,409,703.0,1176.0,31.58,34.78,1456.0,1950.0
PEN,PASSADUMKEAG,40.0,131.0,12.0,2.0,75.0,260,11,42,91.0,105.0,12.09,40.0,115.0,206.0
PEN,PATTEN,89.0,271.0,21.0,1.0,169.0,551,42,106,134.0,248.0,31.34,42.74,258.0,440.0
PEN,PENOBSCOT NATION VOTING DISTRICT,195.0,26.0,16.0,9.0,92.0,338,55,7,212.0,36.0,25.94,19.44,287.0,118.0
PEN,PLYMOUTH,135.0,410.0,24.0,10.0,256.0,835,49,157,189.0,392.0,25.93,40.05,391.0,666.0
PEN,PRENTISS TWP T7 R3 NBPP,16.0,59.0,9.0,0.0,28.0,112,0,0,30.0,52.0,0.0,0.0,44.0,87.0
PEN,SEBOEIS PLT,10.0,15.0,0.0,0.0,7.0,32,13,12,11.0,15.0,118.18,80.0,17.0,22.0
PEN,SPRINGFIELD,30.0,107.0,2.0,1.0,67.0,207,14,46,54.0,58.0,25.93,79.31,97.0,174.0
PEN,STACYVILLE,29.0,111.0,4.0,1.0,73.0,218,11,51,38.0,84.0,28.95,60.71,102.0,184.0
PEN,STETSON,129.0,409.0,41.0,3.0,261.0,843,58,139,194.0,344.0,29.9,40.41,390.0,670.0
PEN,VEAZIE,445.0,386.0,44.0,11.0,365.0,1251,196,148,447.0,469.0,43.85,31.56,810.0,751.0
PEN,WEBSTER PLT,13.0,21.0,1.0,0.0,12.0,47,3,13,13.0,19.0,23.08,68.42,25.0,33.0
PEN,WINN,49.0,116.0,6.0,1.0,64.0,236,19,41,59.0,94.0,32.2,43.62,113.0,180.0
PEN,WOODVILLE,17.0,92.0,6.0,0.0,42.0,157,13,23,49.0,57.0,26.53,40.35,59.0,134.0
PIS,ABBOT,80.0,213.0,20.0,5.0,118.0,436,32,69,93.0,200.0,34.41,34.5,198.0,331.0
PIS,ATKINSON TWP,28.0,83.0,10.0,0.0,52.0,173,0,0,,,,,80.0,135.0
PIS,BEAVER COVE,23.0,48.0,5.0,0.0,48.0,124,11,22,20.0,46.0,55.0,47.83,71.0,96.0
PIS,BOWERBANK,21.0,70.0,2.0,0.0,43.0,136,13,31,26.0,45.0,50.0,68.89,64.0,113.0
PIS,BROWNVILLE,188.0,337.0,26.0,4.0,315.0,870,68,97,264.0,269.0,25.76,36.06,503.0,652.0
PIS,DOVER-FOXCROFT,581.0,1154.0,92.0,11.0,794.0,2632,240,394,749.0,1042.0,32.04,37.81,1375.0,1948.0
PIS,GREENVILLE,257.0,554.0,30.0,1.0,415.0,1257,151,226,377.0,575.0,40.05,39.3,672.0,969.0
PIS,GUILFORD,162.0,369.0,35.0,4.0,237.0,807,64,139,210.0,328.0,30.48,42.38,399.0,606.0
PIS,KINGSBURY PLT,6.0,14.0,3.0,0.0,10.0,33,1,7,4.0,11.0,25.0,63.64,16.0,24.0
PIS,LAKE VIEW PLT,27.0,76.0,4.0,0.0,42.0,149,12,11,24.0,26.0,50.0,42.31,69.0,118.0
PIS,MEDFORD,31.0,90.0,6.0,2.0,69.0,198,13,25,45.0,68.0,28.89,36.76,100.0,159.0
PIS,MILO,322.0,539.0,58.0,10.0,472.0,1401,106,155,537.0,615.0,19.74,25.2,794.0,1011.0
PIS,MONSON,104.0,223.0,23.0,5.0,195.0,550,59,72,139.0,196.0,42.45,36.73,299.0,418.0
PIS,PARKMAN,95.0,232.0,15.0,3.0,183.0,528,43,98,120.0,231.0,35.83,42.42,278.0,415.0
PIS,SANGERVILLE,164.0,400.0,33.0,8.0,290.0,895,60,126,249.0,375.0,24.1,33.6,454.0,690.0
PIS,SEBEC,77.0,233.0,14.0,2.0,132.0,458,40,94,95.0,200.0,42.11,47.0,209.0,365.0
PIS,SHIRLEY,26.0,72.0,10.0,0.0,72.0,180,9,30,36.0,64.0,25.0,46.88,98.0,144.0
PIS,WELLINGTON,45.0,52.0,9.0,1.0,54.0,161,24,10,61.0,37.0,39.34,27.03,99.0,106.0
PIS,WILLIMANTIC,14.0,46.0,6.0,0.0,34.0,100,10,21,19.0,61.0,52.63,34.43,48.0,80.0
SAG,ARROWSIC,206.0,54.0,10.0,0.0,111.0,381,138,37,199.0,77.0,69.35,48.05,317.0,165.0
SAG,BATH,2653.0,1110.0,202.0,33.0,1727.0,5725,1182,440,2492.0,1524.0,47.43,28.87,4380.0,2837.0
SAG,BOWDOIN,445.0,739.0,67.0,7.0,779.0,2037,188,280,551.0,748.0,34.12,37.43,1224.0,1518.0
SAG,BOWDOINHAM,794.0,648.0,64.0,13.0,714.0,2233,375,246,735.0,608.0,51.02,40.46,1508.0,1362.0
SAG,GEORGETOWN,416.0,234.0,28.0,3.0,271.0,952,192,127,342.0,288.0,56.14,44.1,687.0,505.0
SAG,PHIPPSBURG,602.0,570.0,54.0,11.0,557.0,1794,243,250,535.0,584.0,45.42,42.81,1159.0,1127.0
SAG,RICHMOND,627.0,823.0,145.0,24.0,697.0,2316,293,315,674.0,749.0,43.47,42.06,1324.0,1520.0
SAG,TOPSHAM,2769.0,1707.0,187.0,27.0,2359.0,7049,1226,833,2281.0,1981.0,53.75,42.05,5128.0,4066.0
SAG,WEST BATH,519.0,452.0,59.0,7.0,515.0,1552,230,203,465.0,459.0,49.46,44.23,1034.0,967.0
SAG,WOOLWICH,754.0,826.0,105.0,10.0,722.0,2417,326,380,695.0,809.0,46.91,46.97,1476.0,1548.0
SOM,ANSON,271.0,616.0,65.0,4.0,437.0,1393,101,148,393.0,494.0,25.7,29.96,708.0,1053.0
SOM,ATHENS,135.0,237.0,17.0,1.0,192.0,582,47,49,226.0,200.0,20.8,24.5,327.0,429.0
SOM,BINGHAM,114.0,276.0,19.0,3.0,216.0,628,51,106,186.0,215.0,27.42,49.3,330.0,492.0
SOM,BRIGHTON PLT,10.0,15.0,4.0,0.0,19.0,48,5,10,15.0,11.0,33.33,90.91,29.0,34.0
SOM,CAMBRIDGE,40.0,139.0,8.0,2.0,88.0,277,16,59,60.0,139.0,26.67,42.45,128.0,227.0
SOM,CANAAN,328.0,552.0,54.0,5.0,393.0,1332,110,135,438.0,440.0,25.11,30.68,721.0,945.0
SOM,CARATUNK,14.0,34.0,2.0,0.0,16.0,66,6,16,16.0,24.0,37.5,66.67,30.0,50.0
SOM,CORNVILLE,191.0,378.0,32.0,10.0,295.0,906,74,132,200.0,341.0,37.0,38.71,486.0,673.0
SOM,DENNISTOWN PLT,4.0,15.0,1.0,0.0,7.0,27,0,4,5.0,12.0,0.0,33.33,11.0,22.0
SOM,DETROIT,106.0,197.0,44.0,3.0,185.0,535,43,42,181.0,150.0,23.76,28.0,291.0,382.0
SOM,EMBDEN,135.0,341.0,20.0,2.0,225.0,723,44,80,190.0,247.0,23.16,32.39,360.0,566.0
SOM,FAIRFIELD,952.0,1361.0,141.0,20.0,1160.0,3634,400,385,1302.0,1217.0,30.72,31.64,2112.0,2521.0
SOM,HARMONY,104.0,247.0,16.0,1.0,179.0,547,45,80,186.0,212.0,24.19,37.74,283.0,426.0
SOM,HARTLAND,212.0,541.0,41.0,11.0,244.0,1049,68,188,314.0,483.0,21.66,38.92,456.0,785.0
SOM,HIGHLAND PLT,18.0,39.0,6.0,0.0,54.0,117,11,15,29.0,57.0,37.93,26.32,72.0,93.0
SOM,JACKMAN,70.0,280.0,4.0,2.0,235.0,591,47,103,138.0,257.0,34.06,40.08,305.0,515.0
SOM,MADISON,618.0,1082.0,108.0,18.0,795.0,2621,246,349,961.0,913.0,25.6,38.23,1413.0,1877.0
SOM,MERCER,125.0,200.0,24.0,4.0,178.0,531,56,60,122.0,162.0,45.9,37.04,303.0,378.0
SOM,MOOSE RIVER,7.0,90.0,3.0,1.0,31.0,132,2,34,12.0,73.0,16.67,46.58,38.0,121.0
SOM,MOSCOW,67.0,141.0,18.0,0.0,88.0,314,27,35,108.0,101.0,25.0,34.65,155.0,229.0
SOM,NEW PORTLAND,126.0,215.0,47.0,6.0,193.0,587,48,81,147.0,200.0,32.65,40.5,319.0,408.0
SOM,NORRIDGEWOCK,493.0,874.0,86.0,3.0,593.0,2049,206,247,693.0,783.0,29.73,31.55,1086.0,1467.0
SOM,PALMYRA,212.0,644.0,42.0,5.0,344.0,1247,90,224,342.0,574.0,26.32,39.02,556.0,988.0
SOM,PITTSFIELD,499.0,920.0,86.0,17.0,649.0,2171,212,295,803.0,969.0,26.4,30.44,1148.0,1569.0
SOM,PLEASANT RIDGE PLT,10.0,22.0,0.0,0.0,21.0,53,2,12,16.0,27.0,12.5,44.44,31.0,43.0
SOM,RIPLEY,68.0,155.0,7.0,5.0,102.0,337,25,60,66.0,130.0,37.88,46.15,170.0,257.0
SOM,ROCKWOOD STRIP TWP,47.0,135.0,7.0,1.0,63.0,253,17,28,52.0,109.0,32.69,25.69,110.0,198.0
SOM,SAINT ALBANS,207.0,654.0,28.0,5.0,421.0,1315,108,233,299.0,571.0,36.12,40.81,628.0,1075.0
SOM,SKOWHEGAN,1295.0,1778.0,129.0,30.0,1414.0,4646,520,605,1947.0,1862.0,26.71,32.49,2709.0,3192.0
SOM,SMITHFIELD,166.0,274.0,21.0,1.0,233.0,695,68,106,185.0,250.0,36.76,42.4,399.0,507.0
SOM,SOLON,140.0,283.0,25.0,1.0,220.0,669,59,102,198.0,213.0,29.8,47.89,360.0,503.0
SOM,STARKS,102.0,149.0,16.0,2.0,171.0,440,48,45,117.0,115.0,41.03,39.13,273.0,320.0
SOM,THE FORKS PLT,8.0,17.0,5.0,0.0,14.0,44,4,10,7.0,20.0,57.14,50.0,22.0,31.0
SOM,WEST FORKS PLT,9.0,25.0,0.0,0.0,20.0,54,8,11,13.0,26.0,61.54,42.31,29.0,45.0
WAL,BELFAST,2276.0,950.0,184.0,11.0,1257.0,4678,1236,445,2047.0,1253.0,60.38,35.51,3533.0,2207.0
WAL,BELMONT,152.0,246.0,29.0,4.0,211.0,642,63,81,181.0,248.0,34.81,32.66,363.0,457.0
WAL,BROOKS,160.0,280.0,35.0,2.0,193.0,670,64,124,163.0,268.0,39.26,46.27,353.0,473.0
WAL,BURNHAM,134.0,244.0,22.0,6.0,303.0,709,50,78,178.0,229.0,28.09,34.06,437.0,547.0
WAL,FRANKFORT,146.0,276.0,27.0,10.0,290.0,749,56,83,177.0,233.0,31.64,35.62,436.0,566.0
WAL,FREEDOM,161.0,161.0,27.0,2.0,164.0,515,63,58,153.0,131.0,41.18,44.27,325.0,325.0
WAL,ISLESBORO,276.0,69.0,10.0,0.0,149.0,504,168,21,235.0,76.0,71.49,27.63,425.0,218.0
WAL,JACKSON,94.0,146.0,18.0,2.0,127.0,387,48,49,108.0,125.0,44.44,39.2,221.0,273.0
WAL,KNOX,93.0,233.0,23.0,1.0,172.0,522,41,96,108.0,208.0,37.96,46.15,265.0,405.0
WAL,LIBERTY,229.0,230.0,17.0,2.0,210.0,688,117,77,206.0,227.0,56.8,33.92,439.0,440.0
WAL,LINCOLNVILLE,838.0,437.0,73.0,5.0,552.0,1905,409,205,682.0,465.0,59.97,44.09,1390.0,989.0
WAL,MONROE,240.0,200.0,42.0,3.0,175.0,660,106,91,239.0,230.0,44.35,39.57,415.0,375.0
WAL,MONTVILLE,237.0,208.0,30.0,5.0,262.0,742,120,72,220.0,187.0,54.55,38.5,499.0,470.0
WAL,MORRILL,161.0,300.0,21.0,2.0,191.0,675,75,133,126.0,271.0,59.52,49.08,352.0,491.0
WAL,NORTHPORT,472.0,349.0,49.0,8.0,358.0,1236,230,170,384.0,374.0,59.9,45.45,830.0,707.0
WAL,PALERMO,248.0,487.0,73.0,7.0,334.0,1149,108,159,283.0,408.0,38.16,38.97,582.0,821.0
WAL,PROSPECT,109.0,188.0,16.0,0.0,176.0,489,40,59,118.0,172.0,33.9,34.3,285.0,364.0
WAL,SEARSMONT,329.0,335.0,32.0,3.0,356.0,1055,159,123,314.0,274.0,50.64,44.89,685.0,691.0
WAL,SEARSPORT,577.0,596.0,63.0,10.0,609.0,1855,199,212,584.0,696.0,34.08,30.46,1186.0,1205.0
WAL,STOCKTON SPRINGS,374.0,421.0,23.0,6.0,427.0,1251,202,163,362.0,382.0,55.8,42.67,801.0,848.0
WAL,SWANVILLE,251.0,351.0,30.0,5.0,332.0,969,108,110,260.0,300.0,41.54,36.67,583.0,683.0
WAL,THORNDIKE,127.0,190.0,42.0,0.0,177.0,536,60,56,164.0,189.0,36.59,29.63,304.0,367.0
WAL,TROY,120.0,264.0,38.0,7.0,193.0,622,62,88,161.0,237.0,38.51,37.13,313.0,457.0
WAL,UNITY,291.0,392.0,34.0,6.0,311.0,1034,126,143,427.0,433.0,29.51,33.03,602.0,703.0
WAL,WALDO,152.0,208.0,30.0,0.0,161.0,551,67,74,153.0,185.0,43.79,40.0,313.0,369.0
WAL,WINTERPORT,653.0,976.0,135.0,24.0,749.0,2537,294,344,795.0,984.0,36.98,34.96,1402.0,1725.0
WAS,ADDISON,196.0,375.0,17.0,4.0,218.0,810,84,136,219.0,338.0,38.36,40.24,414.0,593.0
WAS,ALEXANDER,71.0,187.0,14.0,0.0,112.0,384,22,52,100.0,135.0,22.0,38.52,183.0,299.0
WAS,BAILEYVILLE,146.0,335.0,36.0,8.0,237.0,762,76,65,292.0,263.0,26.03,24.71,383.0,572.0
WAS,BARING PLT,45.0,61.0,3.0,0.0,32.0,141,14,16,53.0,48.0,26.42,33.33,77.0,93.0
WAS,BEALS,80.0,138.0,8.0,3.0,83.0,312,29,33,134.0,94.0,21.64,35.11,163.0,221.0
WAS,BEDDINGTON,17.0,32.0,0.0,2.0,30.0,81,4,6,7.0,18.0,57.14,33.33,47.0,62.0
WAS,BIG LAKE TWP,7.0,40.0,3.0,1.0,29.0,80,0,0,17.0,29.0,0.0,0.0,36.0,69.0
WAS,BROOKTON TWP,20.0,51.0,1.0,0.0,24.0,96,0,0,35.0,69.0,0.0,0.0,44.0,75.0
WAS,CALAIS,384.0,613.0,36.0,15.0,670.0,1718,146,185,493.0,694.0,29.61,26.66,1054.0,1283.0
WAS,CHARLOTTE,53.0,116.0,6.0,1.0,75.0,251,20,49,50.0,97.0,40.0,50.52,128.0,191.0
WAS,CHERRYFIELD,161.0,326.0,20.0,2.0,237.0,746,67,104,219.0,332.0,30.59,31.33,398.0,563.0
WAS,CODYVILLE TWP,1.0,3.0,0.0,0.0,5.0,9,0,0,,,,,6.0,8.0
WAS,COLUMBIA,38.0,143.0,10.0,0.0,78.0,269,15,37,54.0,119.0,27.78,31.09,116.0,221.0
WAS,COLUMBIA FALLS,75.0,193.0,13.0,3.0,106.0,390,25,52,108.0,167.0,23.15,31.14,181.0,299.0
WAS,COOPER,24.0,63.0,2.0,2.0,30.0,121,17,20,41.0,59.0,41.46,33.9,54.0,93.0
WAS,CRAWFORD,11.0,43.0,2.0,0.0,26.0,82,2,18,13.0,47.0,15.38,38.3,37.0,69.0
WAS,CUTLER,72.0,186.0,10.0,3.0,110.0,381,22,62,67.0,160.0,32.84,38.75,182.0,296.0
WAS,DANFORTH,54.0,161.0,8.0,2.0,122.0,347,27,71,106.0,152.0,25.47,46.71,176.0,283.0
WAS,DEBLOIS,7.0,31.0,2.0,0.0,11.0,51,6,8,13.0,21.0,46.15,38.1,18.0,42.0
WAS,DENNYSVILLE,44.0,82.0,10.0,0.0,62.0,198,38,40,68.0,73.0,55.88,54.79,106.0,144.0
WAS,EAST MACHIAS,190.0,444.0,42.0,5.0,282.0,963,87,123,240.0,369.0,36.25,33.33,472.0,726.0
WAS,EASTPORT,381.0,251.0,26.0,1.0,282.0,941,153,106,438.0,305.0,34.93,34.75,663.0,533.0
WAS,EDMUNDS TWP,42.0,61.0,11.0,1.0,47.0,162,0,0,50.0,71.0,0.0,0.0,89.0,108.0
WAS,GRAND LAKE STREAM PLT,25.0,65.0,5.0,0.0,36.0,131,5,23,27.0,50.0,18.52,46.0,61.0,101.0
WAS,HARRINGTON,132.0,301.0,21.0,1.0,162.0,617,42,85,180.0,238.0,23.33,35.71,294.0,463.0
WAS,INDIAN TOWNSHIP,176.0,49.0,13.0,3.0,79.0,320,30,5,293.0,45.0,10.24,11.11,255.0,128.0
WAS,JONESBORO,79.0,173.0,17.0,5.0,120.0,394,48,46,126.0,154.0,38.1,29.87,199.0,293.0
WAS,JONESPORT,198.0,398.0,31.0,2.0,212.0,841,62,85,331.0,284.0,18.73,29.93,410.0,610.0
WAS,LUBEC,346.0,270.0,27.0,3.0,357.0,1003,156,87,394.0,257.0,39.59,33.85,703.0,627.0
WAS,MACHIAS,262.0,385.0,35.0,8.0,381.0,1071,143,181,439.0,442.0,32.57,40.95,643.0,766.0
WAS,MACHIASPORT,139.0,236.0,18.0,4.0,252.0,649,65,71,229.0,240.0,28.38,29.58,391.0,488.0
WAS,MARSHFIELD,60.0,190.0,7.0,2.0,101.0,360,28,62,81.0,178.0,34.57,34.83,161.0,291.0
WAS,MEDDYBEMPS,23.0,47.0,6.0,0.0,29.0,105,8,21,27.0,43.0,29.63,48.84,52.0,76.0
WAS,MILBRIDGE,211.0,352.0,46.0,1.0,249.0,859,74,93,278.0,303.0,26.62,30.69,460.0,601.0
WAS,NORTHFIELD,26.0,58.0,7.0,1.0,49.0,141,18,23,34.0,38.0,52.94,60.53,75.0,107.0
WAS,PEMBROKE,139.0,216.0,23.0,2.0,166.0,546,76,68,164.0,190.0,46.34,35.79,305.0,382.0
WAS,PERRY,127.0,230.0,17.0,1.0,181.0,556,44,74,155.0,201.0,28.39,36.82,308.0,411.0
WAS,PLEASANT POINT VOTING DISTRICT,136.0,27.0,11.0,1.0,102.0,277,20,2,228.0,32.0,8.77,6.25,238.0,129.0
WAS,PRINCETON,84.0,201.0,9.0,2.0,162.0,458,37,88,143.0,177.0,25.87,49.72,246.0,363.0
WAS,ROBBINSTON,88.0,185.0,9.0,2.0,120.0,404,30,41,106.0,161.0,28.3,25.47,208.0,305.0
WAS,ROQUE BLUFFS,60.0,75.0,3.0,2.0,87.0,227,33,14,73.0,47.0,45.21,29.79,147.0,162.0
WAS,STEUBEN,194.0,340.0,24.0,5.0,284.0,847,69,87,199.0,256.0,34.67,33.98,478.0,624.0
WAS,TALMADGE,3.0,25.0,2.0,0.0,10.0,40,2,4,8.0,17.0,25.0,23.53,13.0,35.0
WAS,TOPSFIELD,9.0,69.0,2.0,0.0,40.0,120,4,21,25.0,53.0,16.0,39.62,49.0,109.0
WAS,VANCEBORO,25.0,37.0,2.0,0.0,31.0,95,14,14,46.0,32.0,30.43,43.75,56.0,68.0
WAS,WAITE,11.0,29.0,2.0,0.0,10.0,52,3,8,20.0,33.0,15.0,24.24,21.0,39.0
WAS,WESLEY,23.0,47.0,7.0,1.0,39.0,117,5,12,28.0,28.0,17.86,42.86,62.0,86.0
WAS,WHITING,120.0,168.0,10.0,2.0,109.0,409,67,60,141.0,133.0,47.52,45.11,229.0,277.0
WAS,WHITNEYVILLE,28.0,45.0,4.0,2.0,44.0,123,13,17,52.0,42.0,25.0,40.48,72.0,89.0
YOR,ACTON,476.0,746.0,87.0,10.0,624.0,1943,208,261,517.0,646.0,40.23,40.4,1100.0,1370.0
YOR,ALFRED,596.0,734.0,58.0,10.0,802.0,2200,298,287,650.0,640.0,45.85,44.84,1398.0,1536.0
YOR,ARUNDEL,988.0,948.0,77.0,12.0,1082.0,3107,350,323,923.0,868.0,37.92,37.21,2070.0,2030.0
YOR,BERWICK,1436.0,1532.0,115.0,26.0,2112.0,5221,384,371,1255.0,1453.0,30.6,25.53,3548.0,3644.0
YOR,BIDDEFORD,5810.0,2458.0,410.0,117.0,3699.0,12494,2044,648,6635.0,2299.0,30.81,28.19,9509.0,6157.0
YOR,BUXTON,1579.0,2025.0,185.0,28.0,1765.0,5582,583,832,1703.0,1899.0,34.23,43.81,3344.0,3790.0
YOR,CORNISH,282.0,370.0,52.0,5.0,321.0,1030,127,134,307.0,312.0,41.37,42.95,603.0,691.0
YOR,DAYTON,377.0,564.0,41.0,8.0,570.0,1560,127,215,385.0,462.0,32.99,46.54,947.0,1134.0
YOR,ELIOT,1912.0,1287.0,100.0,20.0,1727.0,5046,809,564,1741.0,1620.0,46.47,34.81,3639.0,3014.0
YOR,HOLLIS,824.0,1229.0,136.0,13.0,1074.0,3276,364,502,896.0,1015.0,40.62,49.46,1898.0,2303.0
YOR,KENNEBUNK,3489.0,1999.0,147.0,26.0,3474.0,9135,1528,1067,2721.0,2494.0,56.16,42.78,6963.0,5473.0
YOR,KENNEBUNKPORT,1238.0,834.0,64.0,11.0,896.0,3043,525,417,859.0,907.0,61.12,45.98,2134.0,1730.0
YOR,KITTERY,3339.0,1374.0,154.0,29.0,2300.0,7196,1232,428,2908.0,1728.0,42.37,24.77,5639.0,3674.0
YOR,LEBANON,764.0,1479.0,182.0,14.0,1649.0,4088,275,404,950.0,1218.0,28.95,33.17,2413.0,3128.0
YOR,LIMERICK,509.0,732.0,78.0,14.0,929.0,2262,212,266,534.0,581.0,39.7,45.78,1438.0,1661.0
YOR,LIMINGTON,591.0,1005.0,151.0,15.0,829.0,2591,203,332,564.0,760.0,35.99,43.68,1420.0,1834.0
YOR,LYMAN,853.0,1213.0,111.0,21.0,1109.0,3307,301,384,939.0,973.0,32.06,39.47,1962.0,2322.0
YOR,NEWFIELD,226.0,437.0,59.0,7.0,394.0,1123,95,138,256.0,351.0,37.11,39.32,620.0,831.0
YOR,NORTH BERWICK,985.0,1144.0,113.0,15.0,1295.0,3552,416,350,906.0,1117.0,45.92,31.33,2280.0,2439.0
YOR,OGUNQUIT,574.0,234.0,38.0,1.0,363.0,1210,238,132,448.0,279.0,53.12,47.31,937.0,597.0
YOR,OLD ORCHARD BEACH,2625.0,1602.0,142.0,44.0,2263.0,6676,1019,573,2854.0,1692.0,35.7,33.87,4888.0,3865.0
YOR,PARSONSFIELD,321.0,446.0,39.0,7.0,469.0,1282,134,150,319.0,361.0,42.01,41.55,790.0,915.0
YOR,SACO,5701.0,3142.0,411.0,72.0,4311.0,13637,1999,1085,5594.0,3354.0,35.73,32.35,10012.0,7453.0
YOR,SANFORD,3645.0,3600.0,399.0,98.0,4546.0,12288,1532,1079,4430.0,3230.0,34.58,33.41,8191.0,8146.0
YOR,SHAPLEIGH,476.0,787.0,101.0,14.0,688.0,2066,189,232,503.0,577.0,37.57,40.21,1164.0,1475.0
YOR,SOUTH BERWICK,2081.0,1231.0,141.0,16.0,1710.0,5179,787,321,1820.0,1399.0,43.24,22.94,3791.0,2941.0
YOR,WATERBORO,1258.0,1913.0,212.0,18.0,1641.0,5042,395,573,1326.0,1580.0,29.79,36.27,2899.0,3554.0
YOR,WELLS,2929.0,2466.0,154.0,20.0,3570.0,9139,933,851,2133.0,2257.0,43.74,37.7,6499.0,6036.0
YOR,YORK,4107.0,2410.0,210.0,27.0,3657.0,10411,1357,791,3610.0,3053.0,37.59,25.91,7764.0,6067.0
