county,municipality,dem_registered,rep_registered,green_registered,lib_registered,unenrolled_registered,total_registered,dem_2018_ballots,rep_2018_ballots,dem_turnout_2018_pct,rep_turnout_2018_pct
AND,AUBURN,5122,4327,708,287,4865,15785,1683,1338,32.86,30.92
AND,DURHAM,977,1100,185,20,1141,3480,312,400,31.93,36.36
AND,GREENE,702,1251,178,34,984,3222,248,364,35.33,29.1
AND,LEEDS,397,646,90,5,493,1677,165,163,41.56,25.23
AND,LEWISTON,9505,5617,974,729,6287,23916,2541,1435,26.73,25.55
AND,LISBON,1717,2290,205,71,2136,6574,517,862,30.11,37.64
AND,LIVERMORE,481,704,79,14,443,1736,199,268,41.37,38.07
AND,LIVERMORE FALLS,453,671,84,18,600,1868,212,174,46.8,25.93
AND,MECHANIC FALLS,519,779,126,23,688,2171,155,206,29.87,26.44
AND,MINOT,483,853,124,23,602,2140,174,206,36.02,24.15
AND,POLAND,1134,1527,221,18,1319,4275,355,436,31.31,28.55
AND,SABATTUS,895,1420,163,46,1075,3683,231,323,25.81,22.75
AND,TURNER,1003,1832,149,46,1339,4447,349,662,34.8,36.14
AND,WALES,189,451,59,11,394,1127,64,163,33.86,36.14
ARO,ALLAGASH,77,67,12,0,56,212,20,8,25.97,11.94
ARO,AMITY,25,84,3,2,72,190,7,24,28.0,28.57
ARO,ASHLAND,197,318,18,3,341,894,46,67,23.35,21.07
ARO,BENEDICTA TWP,29,60,4,2,51,146,8,0,27.59,0.0
ARO,BLAINE,75,262,12,2,149,507,20,83,26.67,31.68
ARO,BRIDGEWATER,67,174,17,0,120,379,29,47,43.28,27.01
ARO,CARIBOU,1202,1855,178,16,1399,4729,351,525,29.2,28.3
ARO,CARY TWP,12,88,19,0,37,159,0,0,0.0,0.0
ARO,CASTLE HILL,64,125,19,4,90,305,18,39,28.12,31.2
ARO,CASWELL,59,53,7,1,47,173,13,12,22.03,22.64
ARO,CHAPMAN,76,140,13,1,98,331,25,35,32.89,25.0
ARO,CONNOR TWP,64,98,11,1,83,260,14,0,21.88,0.0
ARO,CROSS LAKE TWP (T17 R5),57,74,17,0,41,189,0,19,0.0,25.68
ARO,CRYSTAL,23,89,13,0,72,197,4,28,17.39,31.46
ARO,CYR PLT,28,30,5,2,14,79,12,11,42.86,36.67
ARO,DYER BROOK,26,103,6,0,48,187,10,38,38.46,36.89
ARO,EAGLE LAKE,265,203,24,0,217,713,80,31,30.19,15.27
ARO,EASTON,170,410,27,8,234,865,74,130,43.53,31.71
ARO,FORT FAIRFIELD,583,846,96,13,625,2201,145,177,24.87,20.92
ARO,FORT KENT,1079,844,45,6,799,2782,344,185,31.88,21.92
ARO,FRENCHVILLE,317,224,26,1,186,758,78,39,24.61,17.41
ARO,GARFIELD PLT,8,36,0,1,26,71,5,10,62.5,27.78
ARO,GLENWOOD PLT,1,0,0,0,4,5,0,0,0.0,
ARO,GRAND ISLE,126,64,18,1,92,303,45,11,35.71,17.19
ARO,HAMLIN,42,38,2,0,44,129,12,11,28.57,28.95
ARO,HAMMOND,10,22,1,1,28,62,1,7,10.0,31.82
ARO,HAYNESVILLE,20,32,5,0,32,90,6,9,30.0,28.12
ARO,HERSEY,3,31,3,2,24,63,0,10,0.0,32.26
ARO,HODGDON,128,467,31,5,253,889,29,127,22.66,27.19
ARO,HOULTON,737,1367,113,19,1263,3531,205,320,27.82,23.41
ARO,ISLAND FALLS,109,253,23,5,167,567,51,75,46.79,29.64
ARO,LIMESTONE,276,379,40,4,441,1172,106,132,38.41,34.83
ARO,LINNEUS,61,341,10,3,256,673,21,62,34.43,18.18
ARO,LITTLETON,110,293,14,1,210,631,34,67,30.91,22.87
ARO,LUDLOW,50,118,10,1,141,320,12,29,24.0,24.58
ARO,MACWAHOC PLT,15,20,4,0,12,51,2,2,13.33,10.0
ARO,MADAWASKA,1220,731,127,6,562,2679,381,93,31.23,12.72
ARO,MADAWASKA LAKE,42,58,5,0,25,130,16,31,38.1,53.45
ARO,MAPLETON,292,644,71,13,387,1427,88,229,30.14,35.56
ARO,MARS HILL,138,477,42,2,265,931,36,129,26.09,27.04
ARO,MASARDIS,32,67,9,1,60,169,0,19,0.0,28.36
ARO,MERRILL,33,81,3,4,54,176,6,19,18.18,23.46
ARO,MONTICELLO,66,241,13,2,193,523,26,90,39.39,37.34
ARO,MORO PLT,2,19,1,0,11,33,1,7,50.0,36.84
ARO,NASHVILLE PLT,8,10,0,0,7,25,2,2,25.0,20.0
ARO,NEW CANADA,63,75,9,0,59,206,27,13,42.86,17.33
ARO,NEW LIMERICK,59,222,6,2,116,407,25,62,42.37,27.93
ARO,NEW SWEDEN,95,177,15,0,160,451,40,43,42.11,24.29
ARO,OAKFIELD,97,233,25,5,169,530,23,52,23.71,22.32
ARO,ORIENT,21,47,2,0,43,113,11,13,52.38,27.66
ARO,OXBOW NORTH TWP,9,27,4,0,22,62,0,6,0.0,22.22
ARO,PERHAM,49,150,15,1,88,307,11,38,22.45,25.33
ARO,PORTAGE LAKE,67,124,16,3,108,319,27,39,40.3,31.45
ARO,PRESQUE ISLE,1427,2041,251,61,1594,5516,450,639,31.53,31.31
ARO,REED PLT,20,59,5,0,25,109,4,24,20.0,40.68
ARO,SAINT AGATHA,242,205,46,1,126,621,84,0,34.71,0.0
ARO,SAINT FRANCIS,131,81,10,0,91,319,25,12,19.08,14.81
ARO,SAINT JOHN PLT,85,51,7,1,41,189,15,12,17.65,23.53
ARO,SHERMAN,73,283,15,1,197,570,37,138,50.68,48.76
ARO,SILVER RIDGE TWP,3,39,2,2,16,63,0,0,0.0,0.0
ARO,SINCLAIR,75,47,26,0,54,205,0,0,0.0,0.0
ARO,SMYRNA,40,109,5,1,64,221,12,20,30.0,18.35
ARO,STOCKHOLM,55,81,6,0,52,196,28,29,50.91,35.8
ARO,VAN BUREN,521,289,54,4,327,1209,175,65,33.59,22.49
ARO,WADE,32,101,9,3,52,203,9,25,28.12,24.75
ARO,WALLAGRASS,143,99,14,2,111,373,76,16,53.15,16.16
ARO,WASHBURN,202,434,26,7,283,977,68,128,33.66,29.49
ARO,WESTFIELD,71,161,14,2,86,339,19,48,26.76,29.81
ARO,WESTMANLAND,9,34,6,0,25,74,2,13,22.22,38.24
ARO,WESTON,42,125,9,3,79,260,18,30,42.86,24.0
ARO,WINTERVILLE PLT,52,54,9,0,53,169,17,16,32.69,29.63
ARO,WOODLAND,166,416,40,11,241,881,56,97,33.73,23.32
CUM,BALDWIN,248,585,59,3,361,1281,67,190,27.02,32.48
CUM,BRIDGTON,1332,1472,234,36,1382,4536,438,534,32.88,36.28
CUM,BRUNSWICK,9433,3409,534,38,5206,18870,3147,1172,33.36,34.38
CUM,CAPE ELIZABETH,4544,1436,130,3,2052,8242,2254,867,49.6,60.38
CUM,CASCO,798,943,148,11,924,2892,261,295,32.71,31.28
CUM,CHEBEAGUE ISLAND,200,77,13,0,85,378,105,50,52.5,64.94
CUM,CUMBERLAND,3130,1781,133,17,2144,7257,698,936,22.3,52.55
CUM,FALMOUTH,4892,2581,160,29,3033,10772,2005,1210,40.99,46.88
CUM,FREEPORT,3491,1437,166,24,2289,7475,1443,576,41.33,40.08
CUM,FRYE ISLAND,26,22,7,0,34,91,9,7,34.62,31.82
CUM,GORHAM,5143,4015,474,57,4294,14149,1644,1785,31.97,44.46
CUM,GRAY,1966,2139,223,47,2294,6764,554,734,28.18,34.32
CUM,HARPSWELL,1821,1159,135,11,1429,4609,874,533,48.0,45.99
CUM,HARRISON,544,729,88,11,668,2070,193,278,35.48,38.13
CUM,LONG ISLAND,96,50,9,0,67,226,54,33,56.25,66.0
CUM,NAPLES,805,1270,109,20,1056,3297,244,367,30.31,28.9
CUM,NEW GLOUCESTER,1215,1468,241,36,1373,4431,454,561,37.37,38.22
CUM,NORTH YARMOUTH,1464,935,120,4,986,3545,609,480,41.6,51.34
CUM,PORTLAND,32753,5309,1812,287,12910,54086,11252,1865,34.35,35.13
CUM,POWNAL,498,408,64,2,475,1464,239,186,47.99,45.59
CUM,RAYMOND,1154,1275,147,23,1219,3873,416,480,36.05,37.65
CUM,SCARBOROUGH,7375,4743,433,57,6028,18869,2331,2096,31.61,44.19
CUM,SEBAGO,420,627,79,7,489,1643,157,179,37.38,28.55
CUM,SOUTH PORTLAND,10582,3044,717,96,5612,20420,3692,1152,34.89,37.84
CUM,STANDISH,2122,2790,402,29,2207,7710,586,871,27.62,31.22
CUM,WESTBROOK,6081,2854,527,61,4122,14037,1770,972,29.11,34.06
CUM,WINDHAM,4431,4432,505,67,4431,14087,1157,1284,26.11,28.97
CUM,YARMOUTH,3858,1406,238,25,2037,7645,1632,885,42.3,62.94
FRA,AVON,86,141,13,2,119,367,20,37,23.26,26.24
FRA,CARRABASSETT VALLEY,246,177,24,2,231,686,76,67,30.89,37.85
FRA,CARTHAGE,87,152,23,0,157,430,28,31,32.18,20.39
FRA,CHESTERVILLE,227,394,60,1,361,1047,96,112,42.29,28.43
FRA,COPLIN PLT,45,49,10,0,32,138,14,18,31.11,36.73
FRA,DALLAS PLT,71,115,9,1,95,293,36,27,50.7,23.48
FRA,EUSTIS,136,224,39,3,224,633,40,75,29.41,33.48
FRA,FARMINGTON,1714,1713,229,22,1499,5290,568,716,33.14,41.8
FRA,INDUSTRY,150,222,20,1,222,628,84,77,56.0,34.68
FRA,JAY,1060,1062,96,16,955,3248,420,295,39.62,27.78
FRA,KINGFIELD,249,433,49,4,348,1104,98,186,39.36,42.96
FRA,NEW SHARON,260,467,60,6,384,1189,122,167,46.92,35.76
FRA,NEW VINEYARD,119,232,23,2,177,560,50,99,42.02,42.67
FRA,PHILLIPS,190,347,44,4,293,890,82,99,43.16,28.53
FRA,RANGELEY,203,430,60,4,313,1022,84,164,41.38,38.14
FRA,RANGELEY PLT,36,74,3,0,62,175,16,40,44.44,54.05
FRA,SANDY RIVER PLT,46,48,1,0,48,144,19,18,41.3,37.5
FRA,STRONG,226,501,30,2,305,1074,71,159,31.42,31.74
FRA,TEMPLE,142,138,14,0,116,416,64,47,45.07,34.06
FRA,WELD,104,135,12,1,105,359,52,65,50.0,48.15
FRA,WILTON,744,1015,111,9,903,2820,311,361,41.8,35.57
HAN,AMHERST,54,117,8,0,52,233,26,36,48.15,30.77
HAN,AURORA,16,41,5,1,28,94,5,20,31.25,48.78
HAN,BAR HARBOR,2335,791,108,19,1290,4608,1019,309,43.64,39.06
HAN,BLUE HILL,1205,551,73,6,710,2583,532,188,44.15,34.12
HAN,BROOKLIN,349,153,30,1,211,756,174,73,49.86,47.71
HAN,BROOKSVILLE,373,182,55,0,209,831,191,81,51.21,44.51
HAN,BUCKSPORT,1005,1256,102,13,1171,3599,331,356,32.94,28.34
HAN,CASTINE,338,161,15,6,213,740,143,73,42.31,45.34
HAN,CRANBERRY ISLES,74,23,4,0,62,165,36,19,48.65,82.61
HAN,DEDHAM,370,528,70,5,435,1425,158,182,42.7,34.47
HAN,DEER ISLE,687,403,48,3,506,1661,300,149,43.67,36.97
HAN,EASTBROOK,59,167,14,1,87,334,14,35,23.73,20.96
HAN,ELLSWORTH,1904,2307,228,31,1759,6406,611,725,32.09,31.43
HAN,FRANKLIN,313,449,65,6,322,1193,110,143,35.14,31.85
HAN,FRENCHBORO,14,14,1,0,10,39,5,3,35.71,21.43
HAN,GOULDSBORO,394,571,49,3,394,1433,188,208,47.72,36.43
HAN,GREAT POND,11,20,1,0,17,50,6,11,54.55,55.0
HAN,HANCOCK,501,786,89,7,533,1957,212,212,42.32,26.97
HAN,LAMOINE,474,498,51,6,391,1446,230,209,48.52,41.97
HAN,MARIAVILLE,94,167,15,1,151,431,35,56,37.23,33.53
HAN,MOUNT DESERT,913,363,37,7,454,1799,414,148,45.35,40.77
HAN,ORLAND,517,599,94,5,563,1805,248,213,47.97,35.56
HAN,OSBORN,7,33,1,0,12,55,6,18,85.71,54.55
HAN,OTIS,127,288,35,2,173,631,43,95,33.86,32.99
HAN,PENOBSCOT,396,293,41,3,296,1038,194,122,48.99,41.64
HAN,SEDGWICK,467,242,38,2,289,1046,190,102,40.69,42.15
HAN,SORRENTO,78,101,4,0,69,253,48,47,61.54,46.53
HAN,SOUTHWEST HARBOR,614,347,48,1,402,1417,299,160,48.7,46.11
HAN,STONINGTON,340,172,29,1,284,834,105,57,30.88,33.14
HAN,SULLIVAN,267,329,50,7,308,979,100,115,37.45,34.95
HAN,SURRY,484,454,49,6,367,1396,246,163,50.83,35.9
HAN,SWANS ISLAND,82,127,28,2,103,343,34,57,41.46,44.88
HAN,TREMONT,502,334,46,3,370,1274,178,97,35.46,29.04
HAN,TRENTON,404,424,53,8,378,1289,124,136,30.69,32.08
HAN,VERONA ISLAND,118,162,13,2,125,422,37,54,31.36,33.33
HAN,WALTHAM,45,172,8,0,67,296,11,61,24.44,35.47
HAN,WINTER HARBOR,126,182,18,1,107,435,49,53,38.89,29.12
KEN,ALBION,297,681,52,7,462,1511,103,213,34.68,31.28
KEN,AUGUSTA,4487,3898,546,92,3696,12917,1577,1152,35.15,29.55
KEN,BELGRADE,724,1018,116,17,836,2738,273,323,37.71,31.73
KEN,BENTON,428,849,80,4,587,1970,160,260,37.38,30.62
KEN,CHELSEA,499,773,91,9,635,2043,233,247,46.69,31.95
KEN,CHINA,814,1227,91,12,1017,3188,288,428,35.38,34.88
KEN,CLINTON,506,906,111,7,692,2242,170,272,33.6,30.02
KEN,FARMINGDALE,703,720,100,20,651,2228,255,262,36.27,36.39
KEN,FAYETTE,290,332,32,6,279,944,150,116,51.72,34.94
KEN,GARDINER,1548,1297,276,16,1194,4401,603,424,38.95,32.69
KEN,HALLOWELL,1183,421,64,12,509,2223,632,187,53.42,44.42
KEN,LITCHFIELD,643,1082,112,19,857,2743,233,374,36.24,34.57
KEN,MANCHESTER,571,780,75,3,615,2061,274,302,47.99,38.72
KEN,MONMOUTH,846,1219,170,10,979,3254,284,352,33.57,28.88
KEN,MOUNT VERNON,442,477,72,8,432,1435,199,142,45.02,29.77
KEN,OAKLAND,1203,1648,119,18,1514,4541,420,546,34.91,33.13
KEN,PITTSTON,515,909,82,11,701,2244,216,268,41.94,29.48
KEN,RANDOLPH,373,448,69,4,345,1253,148,142,39.68,31.7
KEN,READFIELD,697,717,95,10,643,2179,341,253,48.92,35.29
KEN,ROME,258,284,47,3,281,885,102,69,39.53,24.3
KEN,SIDNEY,845,1554,147,16,1081,3701,298,475,35.27,30.57
KEN,VASSALBORO,851,1179,177,27,976,3245,326,417,38.31,35.37
KEN,VIENNA,150,146,35,2,180,520,93,38,62.0,26.03
KEN,WATERVILLE,5120,2310,350,98,3344,11420,1574,796,30.74,34.46
KEN,WAYNE,365,290,12,2,316,986,210,156,57.53,53.79
KEN,WEST GARDINER,704,1141,124,17,905,2924,273,370,38.78,32.43
KEN,WINDSOR,367,806,89,16,555,1865,131,289,35.69,35.86
KEN,WINSLOW,1728,2026,200,33,1798,5849,753,684,43.58,33.76
KEN,WINTHROP,1527,1582,233,20,1516,4927,649,534,42.5,33.75
KNO,APPLETON,381,344,61,5,330,1137,179,136,46.98,39.53
KNO,CAMDEN,2514,739,126,11,1158,4598,1180,407,46.94,55.07
KNO,CUSHING,347,450,52,3,405,1286,133,140,38.33,31.11
KNO,FRIENDSHIP,245,439,53,7,272,1028,94,146,38.37,33.26
KNO,HOPE,506,400,38,6,430,1392,237,172,46.84,43.0
KNO,ISLE AU HAUT,55,6,1,0,19,81,25,6,45.45,100.0
KNO,MATINICUS ISLE PLT,21,8,1,0,27,59,11,8,52.38,100.0
KNO,NORTH HAVEN,213,47,6,0,100,373,89,12,41.78,25.53
KNO,OWLS HEAD,467,417,37,2,406,1352,194,169,41.54,40.53
KNO,ROCKLAND,2189,1122,112,25,1578,5101,782,372,35.72,33.16
KNO,ROCKPORT,1435,703,83,9,892,3150,560,307,39.02,43.67
KNO,SAINT GEORGE,879,566,52,4,670,2207,386,235,43.91,41.52
KNO,SOUTH THOMASTON,480,358,32,6,421,1315,170,115,35.42,32.12
KNO,THOMASTON,798,574,99,10,624,2140,287,220,35.96,38.33
KNO,UNION,522,762,94,2,561,1973,221,284,42.34,37.27
KNO,VINALHAVEN,396,222,36,3,304,970,189,64,47.73,28.83
KNO,WARREN,708,1108,144,12,892,2911,215,326,30.37,29.42
KNO,WASHINGTON,302,433,50,6,427,1238,126,160,41.72,36.95
LIN,ALNA,287,175,30,3,172,679,133,94,46.34,53.71
LIN,BOOTHBAY,870,802,114,7,815,2642,333,329,38.28,41.02
LIN,BOOTHBAY HARBOR,633,541,34,7,544,1775,262,234,41.39,43.25
LIN,BREMEN,328,161,23,1,236,771,107,72,32.62,44.72
LIN,BRISTOL,1005,717,62,3,794,2634,381,331,37.91,46.16
LIN,DAMARISCOTTA,800,411,82,7,492,1855,308,164,38.5,39.9
LIN,DRESDEN,404,500,70,13,463,1477,192,189,47.52,37.8
LIN,EDGECOMB,444,301,44,5,287,1102,151,120,34.01,39.87
LIN,JEFFERSON,570,805,91,10,676,2190,257,310,45.09,38.51
LIN,MONHEGAN ISLAND PLT,46,7,5,1,14,73,30,2,65.22,28.57
LIN,NEWCASTLE,780,389,69,5,428,1703,329,175,42.18,44.99
LIN,NOBLEBORO,554,537,70,6,432,1635,241,216,43.5,40.22
LIN,SOMERVILLE,94,181,33,5,146,463,50,89,53.19,49.17
LIN,SOUTH BRISTOL,354,239,30,1,295,936,128,93,36.16,38.91
LIN,SOUTHPORT,212,177,12,2,153,564,86,121,40.57,68.36
LIN,WALDOBORO,1088,1383,135,15,1143,3824,395,487,36.31,35.21
LIN,WESTPORT ISLAND,230,201,20,3,207,671,104,118,45.22,58.71
LIN,WHITEFIELD,506,614,80,7,531,1762,267,212,52.77,34.53
LIN,WISCASSET,887,959,127,9,943,2986,281,398,31.68,41.5
OXF,ALBANY TWP,108,135,19,1,144,413,44,47,40.74,34.81
OXF,ANDOVER,129,242,30,0,255,664,52,99,40.31,40.91
OXF,BETHEL,697,641,56,8,873,2302,242,260,34.72,40.56
OXF,BROWNFIELD,338,388,83,7,463,1290,103,114,30.47,29.38
OXF,BUCKFIELD,277,554,47,12,674,1577,88,166,31.77,29.96
OXF,BYRON,26,52,8,0,37,123,15,14,57.69,26.92
OXF,CANTON,157,298,32,8,256,759,51,122,32.48,40.94
OXF,DENMARK,279,346,35,4,331,1004,106,133,37.99,38.44
OXF,DIXFIELD,322,596,112,7,605,1671,126,200,39.13,33.56
OXF,FRYEBURG,881,757,127,9,913,2714,253,299,28.72,39.5
OXF,GILEAD,41,54,7,0,61,168,17,14,41.46,25.93
OXF,GREENWOOD,194,188,21,2,281,693,69,65,35.57,34.57
OXF,HANOVER,66,85,3,1,93,250,23,39,34.85,45.88
OXF,HARTFORD,189,363,59,2,271,896,51,76,26.98,20.94
OXF,HEBRON,224,331,57,12,349,990,61,100,27.23,30.21
OXF,HIRAM,296,478,27,5,394,1219,91,110,30.74,23.01
OXF,LINCOLN PLT,7,13,6,1,14,41,5,7,71.43,53.85
OXF,LOVELL,318,295,36,1,392,1050,121,90,38.05,30.51
OXF,MAGALLOWAY TWP,4,11,1,1,12,30,0,0,0.0,0.0
OXF,MEXICO,514,460,73,6,598,1683,227,95,44.16,20.65
OXF,NEWRY,86,91,14,0,119,313,49,55,56.98,60.44
OXF,NORWAY,1133,1204,186,17,1137,3732,343,390,30.27,32.39
OXF,OTISFIELD,396,544,82,13,455,1527,138,161,34.85,29.6
OXF,OXFORD,550,1252,125,22,1046,3027,190,428,34.55,34.19
OXF,PARIS,923,1387,205,21,1121,3707,273,425,29.58,30.64
OXF,PERU,248,354,50,5,429,1104,151,123,60.89,34.75
OXF,PORTER,238,449,47,7,453,1199,98,139,41.18,30.96
OXF,ROXBURY,76,99,20,1,110,306,35,28,46.05,28.28
OXF,RUMFORD,1076,1097,145,12,1220,3589,515,345,47.86,31.45
OXF,STONEHAM,60,76,10,0,85,236,18,27,30.0,35.53
OXF,STOW,81,93,24,0,94,298,31,29,38.27,31.18
OXF,SUMNER,156,257,45,5,285,765,62,84,39.74,32.68
OXF,SWEDEN,103,94,24,0,127,350,38,35,36.89,37.23
OXF,UPTON,9,34,3,0,23,69,2,11,22.22,32.35
OXF,WATERFORD,343,471,52,2,379,1262,131,138,38.19,29.3
OXF,WEST PARIS,295,448,27,4,450,1243,105,123,35.59,27.46
OXF,WOODSTOCK,267,428,81,4,378,1163,89,108,33.33,25.23
PEN,ALTON,167,256,25,13,181,655,40,72,23.95,28.12
PEN,BANGOR,7591,5491,598,196,6021,20514,2386,1565,31.43,28.5
PEN,BRADFORD,147,421,44,8,331,954,36,114,24.49,27.08
PEN,BRADLEY,336,420,57,20,292,1148,120,82,35.71,19.52
PEN,BREWER,2013,2423,272,47,1722,6634,579,761,28.76,31.41
PEN,BURLINGTON,50,153,9,2,114,336,19,39,38.0,25.49
PEN,CARMEL,373,1007,80,13,665,2172,114,270,30.56,26.81
PEN,CARROLL PLT,7,64,6,1,37,115,4,23,57.14,35.94
PEN,CHARLESTON,139,513,21,2,274,963,45,130,32.37,25.34
PEN,CHESTER,61,245,26,0,106,441,18,83,29.51,33.88
PEN,CLIFTON,140,287,28,3,219,691,45,85,32.14,29.62
PEN,CORINNA,260,713,86,6,423,1498,98,241,37.69,33.8
PEN,CORINTH,306,1037,60,4,509,1956,156,287,50.98,27.68
PEN,DEXTER,557,1083,113,15,678,2491,177,286,31.78,26.41
PEN,DIXMONT,225,382,20,7,269,915,108,139,48.0,36.39
PEN,DREW TWP,5,9,4,1,5,24,0,0,0.0,0.0
PEN,EAST MILLINOCKET,374,480,52,2,229,1148,177,133,47.33,27.71
PEN,EDDINGTON,371,758,93,13,499,1761,120,256,32.35,33.77
PEN,EDINBURG,48,54,3,2,53,164,13,16,27.08,29.63
PEN,ENFIELD,278,476,28,1,288,1085,107,117,38.49,24.58
PEN,ETNA,194,392,31,6,227,860,64,92,32.99,23.47
PEN,EXETER,132,331,14,3,219,703,50,111,37.88,33.53
PEN,GARLAND,141,346,32,4,234,778,50,103,35.46,29.77
PEN,GLENBURN,786,1435,129,19,1017,3459,247,384,31.42,26.76
PEN,GREENBUSH,161,386,33,29,303,927,34,111,21.12,28.76
PEN,HAMPDEN,1788,2317,216,71,1695,6172,634,731,35.46,31.55
PEN,HERMON,1083,2188,132,23,1450,4957,285,578,26.32,26.42
PEN,HOLDEN,659,1035,122,9,697,2561,215,371,32.63,35.85
PEN,HOWLAND,219,323,30,7,232,816,117,93,53.42,28.79
PEN,HUDSON,197,465,48,4,353,1075,54,126,27.41,27.1
PEN,KENDUSKEAG,185,444,44,4,297,986,68,110,36.76,24.77
PEN,KINGMAN TWP,13,55,5,2,24,99,0,0,0.0,0.0
PEN,LAGRANGE,88,190,20,12,138,460,22,54,25.0,28.42
PEN,LAKEVILLE,22,40,5,0,34,101,8,12,36.36,30.0
PEN,LEE,103,336,28,6,206,687,50,141,48.54,41.96
PEN,LEVANT,344,1033,78,8,593,2116,84,272,24.42,26.33
PEN,LINCOLN,690,1526,90,14,1013,3376,206,359,29.86,23.53
PEN,LOWELL,59,165,14,1,94,333,18,43,30.51,26.06
PEN,MATTAWAMKEAG,139,205,18,2,165,536,27,44,19.42,21.46
PEN,MAXFIELD,10,46,4,2,20,84,6,13,60.0,28.26
PEN,MEDWAY,198,390,42,2,247,889,88,118,44.44,30.26
PEN,MILFORD,726,744,99,41,689,2324,207,154,28.51,20.7
PEN,MILLINOCKET,989,1059,89,9,1029,3205,326,283,32.96,26.72
PEN,MOUNT CHASE,35,89,11,0,54,189,11,27,31.43,30.34
PEN,NEWBURGH,278,491,43,12,404,1249,108,140,38.85,28.51
PEN,NEWPORT,481,1072,53,19,654,2304,178,354,37.01,33.02
PEN,OLD TOWN,2066,1402,232,154,1598,5553,571,353,27.64,25.18
PEN,ORONO,3763,1490,400,67,2710,8620,842,232,22.38,15.57
PEN,ORRINGTON,747,1295,162,17,846,3114,222,409,29.72,31.58
PEN,PASSADUMKEAG,53,144,14,2,79,296,11,42,20.75,29.17
PEN,PATTEN,111,294,28,1,195,631,42,106,37.84,36.05
PEN,PENOBSCOT NATION VOTING DISTRICT,228,33,23,13,101,410,55,7,24.12,21.21
PEN,PLYMOUTH,150,448,30,11,297,947,49,157,32.67,35.04
PEN,PRENTISS TWP T7 R3 NBPP,23,68,13,0,34,138,0,0,0.0,0.0
PEN,SEBOEIS PLT,8,16,0,0,6,30,13,12,162.5,75.0
PEN,SPRINGFIELD,30,115,5,2,77,231,14,46,46.67,40.0
PEN,STACYVILLE,33,121,8,1,96,259,11,51,33.33,42.15
PEN,STETSON,165,457,55,5,312,1002,58,139,35.15,30.42
PEN,VEAZIE,514,449,59,16,389,1456,196,148,38.13,32.96
PEN,WEBSTER PLT,15,22,4,0,14,55,3,13,20.0,59.09
PEN,WINN,53,125,5,1,81,267,19,41,35.85,32.8
PEN,WOODVILLE,23,101,6,0,50,183,13,23,56.52,22.77
PIS,ABBOT,88,230,23,5,137,491,32,69,36.36,30.0
PIS,ATKINSON TWP,32,96,15,0,70,218,0,0,0.0,0.0
PIS,BEAVER COVE,23,52,6,0,55,137,11,22,47.83,42.31
PIS,BOWERBANK,26,73,3,0,46,152,13,31,50.0,42.47
PIS,BROWNVILLE,222,364,31,6,345,1015,68,97,30.63,26.65
PIS,DOVER-FOXCROFT,676,1310,125,12,841,3054,240,394,35.5,30.08
PIS,GREENVILLE,309,640,37,2,465,1474,151,226,48.87,35.31
PIS,GUILFORD,203,406,35,4,246,914,64,139,31.53,34.24
PIS,KINGSBURY PLT,7,19,4,0,10,40,1,7,14.29,36.84
PIS,LAKE VIEW PLT,30,82,3,0,43,160,12,11,40.0,13.41
PIS,MEDFORD,34,98,10,2,67,216,13,25,38.24,25.51
PIS,MILO,379,623,72,12,486,1661,106,155,27.97,24.88
PIS,MONSON,117,242,28,5,220,619,59,72,50.43,29.75
PIS,PARKMAN,104,246,20,3,195,584,43,98,41.35,39.84
PIS,SANGERVILLE,195,449,41,5,297,1016,60,126,30.77,28.06
PIS,SEBEC,90,253,20,2,144,517,40,94,44.44,37.15
PIS,SHIRLEY,31,78,10,0,71,198,9,30,29.03,38.46
PIS,WELLINGTON,48,56,11,1,49,175,24,10,50.0,17.86
PIS,WILLIMANTIC,16,56,8,0,32,112,10,21,62.5,37.5
SAG,ARROWSIC,215,67,12,0,120,418,138,37,64.19,55.22
SAG,BATH,3068,1341,260,30,1829,6724,1182,440,38.53,32.81
SAG,BOWDOIN,511,828,74,6,903,2339,188,280,36.79,33.82
SAG,BOWDOINHAM,859,714,65,12,841,2503,375,246,43.66,34.45
SAG,GEORGETOWN,441,264,30,2,288,1042,192,127,43.54,48.11
SAG,PHIPPSBURG,667,637,61,11,560,1977,243,250,36.43,39.25
SAG,RICHMOND,694,900,163,19,729,2545,293,315,42.22,35.0
SAG,TOPSHAM,3073,1915,229,24,2543,7899,1226,833,39.9,43.5
SAG,WEST BATH,568,481,64,5,539,1694,230,203,40.49,42.2
SAG,WOOLWICH,814,915,124,10,751,2672,326,380,40.05,41.53
SOM,ANSON,330,701,79,4,508,1650,101,148,30.61,21.11
SOM,ATHENS,159,254,25,1,222,668,47,49,29.56,19.29
SOM,BINGHAM,143,319,30,2,235,746,51,106,35.66,33.23
SOM,BRIGHTON PLT,15,21,5,0,25,66,5,10,33.33,47.62
SOM,CAMBRIDGE,49,152,11,1,91,308,16,59,32.65,38.82
SOM,CANAAN,378,617,61,4,412,1504,110,135,29.1,21.88
SOM,CARATUNK,17,32,4,1,16,71,6,16,35.29,50.0
SOM,CORNVILLE,224,406,36,12,310,1009,74,132,33.04,32.51
SOM,DENNISTOWN PLT,4,17,1,0,6,28,0,4,0.0,23.53
SOM,DETROIT,132,231,56,4,204,637,43,42,32.58,18.18
SOM,EMBDEN,149,371,28,2,234,792,44,80,29.53,21.56
SOM,FAIRFIELD,1097,1567,180,22,1334,4255,400,385,36.46,24.57
SOM,HARMONY,129,272,19,1,200,631,45,80,34.88,29.41
SOM,HARTLAND,244,602,51,14,271,1195,68,188,27.87,31.23
SOM,HIGHLAND PLT,20,45,9,0,56,132,11,15,55.0,33.33
SOM,JACKMAN,94,313,3,1,262,683,47,103,50.0,32.91
SOM,MADISON,766,1238,124,16,916,3107,246,349,32.11,28.19
SOM,MERCER,135,216,28,3,186,578,56,60,41.48,27.78
SOM,MOOSE RIVER,8,102,3,1,36,151,2,34,25.0,33.33
SOM,MOSCOW,78,162,24,0,118,382,27,35,34.62,21.6
SOM,NEW PORTLAND,151,243,51,6,198,662,48,81,31.79,33.33
SOM,NORRIDGEWOCK,565,968,106,2,643,2344,206,247,36.46,25.52
SOM,PALMYRA,252,689,48,6,399,1406,90,224,35.71,32.51
SOM,PITTSFIELD,624,1080,107,19,727,2598,212,295,33.97,27.31
SOM,PLEASANT RIDGE PLT,12,24,0,0,22,58,2,12,16.67,50.0
SOM,RIPLEY,78,172,7,5,116,384,25,60,32.05,34.88
SOM,ROCKWOOD STRIP TWP,61,144,7,0,68,287,17,28,27.87,19.44
SOM,SAINT ALBANS,249,725,31,5,494,1514,108,233,43.37,32.14
SOM,SKOWHEGAN,1529,2087,181,34,1615,5589,520,605,34.01,28.99
SOM,SMITHFIELD,184,297,26,1,238,752,68,106,36.96,35.69
SOM,SOLON,166,318,28,1,258,788,59,102,35.54,32.08
SOM,STARKS,113,174,21,3,186,508,48,45,42.48,25.86
SOM,THE FORKS PLT,8,19,7,0,16,50,4,10,50.0,52.63
SOM,WEST FORKS PLT,11,28,1,0,24,65,8,11,72.73,39.29
WAL,BELFAST,2575,1130,225,11,1355,5420,1236,445,48.0,39.38
WAL,BELMONT,179,279,37,4,248,750,63,81,35.2,29.03
WAL,BROOKS,184,315,44,4,212,771,64,124,34.78,39.37
WAL,BURNHAM,173,275,30,7,327,824,50,78,28.9,28.36
WAL,FRANKFORT,165,309,33,11,329,857,56,83,33.94,26.86
WAL,FREEDOM,168,177,32,2,195,575,63,58,37.5,32.77
WAL,ISLESBORO,315,80,10,0,167,578,168,21,53.33,26.25
WAL,JACKSON,112,160,23,1,146,452,48,49,42.86,30.63
WAL,KNOX,113,256,30,1,212,619,41,96,36.28,37.5
WAL,LIBERTY,241,264,20,2,215,757,117,77,48.55,29.17
WAL,LINCOLNVILLE,914,485,87,7,592,2115,409,205,44.75,42.27
WAL,MONROE,274,242,48,5,179,765,106,91,38.69,37.6
WAL,MONTVILLE,256,235,34,6,267,805,120,72,46.88,30.64
WAL,MORRILL,180,326,24,1,208,748,75,133,41.67,40.8
WAL,NORTHPORT,527,396,57,7,354,1368,230,170,43.64,42.93
WAL,PALERMO,280,534,78,7,381,1294,108,159,38.57,29.78
WAL,PROSPECT,124,205,20,1,197,554,40,59,32.26,28.78
WAL,SEARSMONT,357,386,36,3,372,1176,159,123,44.54,31.87
WAL,SEARSPORT,653,673,77,8,638,2102,199,212,30.47,31.5
WAL,STOCKTON SPRINGS,454,464,29,7,465,1449,202,163,44.49,35.13
WAL,SWANVILLE,310,425,39,4,377,1176,108,110,34.84,25.88
WAL,THORNDIKE,155,211,44,0,206,616,60,56,38.71,26.54
WAL,TROY,144,290,45,10,222,713,62,88,43.06,30.34
WAL,UNITY,414,473,53,6,375,1335,126,143,30.43,30.23
WAL,WALDO,178,229,34,1,170,627,67,74,37.64,32.31
WAL,WINTERPORT,735,1062,168,25,829,2884,294,344,40.0,32.39
WAS,ADDISON,222,418,25,3,223,908,84,136,37.84,32.54
WAS,ALEXANDER,85,203,17,0,131,439,22,52,25.88,25.62
WAS,BAILEYVILLE,172,366,40,9,259,865,76,65,44.19,17.76
WAS,BARING PLT,45,70,3,0,38,158,14,16,31.11,22.86
WAS,BEALS,95,139,9,4,98,350,29,33,30.53,23.74
WAS,BEDDINGTON,16,42,1,2,35,97,4,6,25.0,14.29
WAS,BIG LAKE TWP,6,40,3,1,29,79,0,0,0.0,0.0
WAS,BROOKTON TWP,19,59,6,0,28,113,0,0,0.0,0.0
WAS,CALAIS,451,700,42,18,735,2019,146,185,32.37,26.43
WAS,CHARLOTTE,58,126,8,1,80,275,20,49,34.48,38.89
WAS,CHERRYFIELD,202,370,24,2,261,867,67,104,33.17,28.11
WAS,CODYVILLE TWP,1,3,0,0,5,9,0,0,0.0,0.0
WAS,COLUMBIA,48,152,13,0,88,304,15,37,31.25,24.34
WAS,COLUMBIA FALLS,88,206,21,2,103,432,25,52,28.41,25.24
WAS,COOPER,28,65,2,2,34,132,17,20,60.71,30.77
WAS,CRAWFORD,16,55,3,0,23,97,2,18,12.5,32.73
WAS,CUTLER,81,192,8,2,137,429,22,62,27.16,32.29
WAS,DANFORTH,70,185,11,1,146,417,27,71,38.57,38.38
WAS,DEBLOIS,9,33,2,0,9,56,6,8,66.67,24.24
WAS,DENNYSVILLE,51,85,11,0,72,220,38,40,74.51,47.06
WAS,EAST MACHIAS,207,468,48,6,282,1050,87,123,42.03,26.28
WAS,EASTPORT,439,302,32,1,301,1101,153,106,34.85,35.1
WAS,EDMUNDS TWP,46,74,10,1,55,187,0,0,0.0,0.0
WAS,GRAND LAKE STREAM PLT,29,70,8,0,40,148,5,23,17.24,32.86
WAS,HARRINGTON,163,321,24,1,186,707,42,85,25.77,26.48
WAS,INDIAN TOWNSHIP,219,57,18,3,102,399,30,5,13.7,8.77
WAS,JONESBORO,86,174,15,5,118,410,48,46,55.81,26.44
WAS,JONESPORT,220,438,36,3,225,930,62,85,28.18,19.41
WAS,LUBEC,405,306,27,2,387,1153,156,87,38.52,28.43
WAS,MACHIAS,344,482,51,8,414,1358,143,181,41.57,37.55
WAS,MACHIASPORT,166,263,22,5,268,753,65,71,39.16,27.0
WAS,MARSHFIELD,69,200,9,4,100,394,28,62,40.58,31.0
WAS,MEDDYBEMPS,26,54,6,0,33,119,8,21,30.77,38.89
WAS,MILBRIDGE,259,402,56,2,285,1016,74,93,28.57,23.13
WAS,NORTHFIELD,31,60,11,1,49,155,18,23,58.06,38.33
WAS,PEMBROKE,165,234,28,2,170,604,76,68,46.06,29.06
WAS,PERRY,152,251,20,1,188,617,44,74,28.95,29.48
WAS,PLEASANT POINT VOTING DISTRICT,163,31,15,1,133,350,20,2,12.27,6.45
WAS,PRINCETON,93,211,12,3,174,499,37,88,39.78,41.71
WAS,ROBBINSTON,97,207,9,2,121,444,30,41,30.93,19.81
WAS,ROQUE BLUFFS,73,82,6,2,99,267,33,14,45.21,17.07
WAS,STEUBEN,222,371,18,4,273,906,69,87,31.08,23.45
WAS,TALMADGE,10,28,2,0,8,48,2,4,20.0,14.29
WAS,TOPSFIELD,15,71,2,0,43,131,4,21,26.67,29.58
WAS,VANCEBORO,31,40,2,0,39,112,14,14,45.16,35.0
WAS,WAITE,11,33,2,0,12,58,3,8,27.27,24.24
WAS,WESLEY,25,45,6,0,46,124,5,12,20.0,26.67
WAS,WHITING,142,181,15,0,117,467,67,60,47.18,33.15
WAS,WHITNEYVILLE,37,49,6,1,52,149,13,17,35.14,34.69
YOR,ACTON,517,821,91,10,665,2138,208,261,40.23,31.79
YOR,ALFRED,688,802,68,10,879,2483,298,287,43.31,35.79
YOR,ARUNDEL,1116,1044,95,16,1157,3502,350,323,31.36,30.94
YOR,BERWICK,1639,1753,137,26,2388,6000,384,371,23.43,21.16
YOR,BIDDEFORD,7003,2944,485,144,4141,15158,2044,648,29.19,22.01
YOR,BUXTON,1769,2274,222,31,1988,6373,583,832,32.96,36.59
YOR,CORNISH,337,414,70,5,370,1208,127,134,37.69,32.37
YOR,DAYTON,420,622,48,9,594,1721,127,215,30.24,34.57
YOR,ELIOT,2260,1505,114,20,1906,5834,809,564,35.8,37.48
YOR,HOLLIS,931,1364,159,8,1138,3657,364,502,39.1,36.8
YOR,KENNEBUNK,3933,2309,155,26,3809,10331,1528,1067,38.85,46.21
YOR,KENNEBUNKPORT,1384,939,76,9,957,3391,525,417,37.93,44.41
YOR,KITTERY,3988,1664,186,30,2622,8589,1232,428,30.89,25.72
YOR,LEBANON,916,1660,223,11,1870,4751,275,404,30.02,24.34
YOR,LIMERICK,592,803,98,12,1030,2576,212,266,35.81,33.13
YOR,LIMINGTON,653,1080,168,10,832,2812,203,332,31.09,30.74
YOR,LYMAN,990,1324,122,21,1144,3692,301,384,30.4,29.0
YOR,NEWFIELD,263,478,65,3,445,1282,95,138,36.12,28.87
YOR,NORTH BERWICK,1131,1284,145,15,1385,4008,416,350,36.78,27.26
YOR,OGUNQUIT,659,279,48,2,391,1392,238,132,36.12,47.31
YOR,OLD ORCHARD BEACH,3041,1885,186,49,2565,7847,1019,573,33.51,30.4
YOR,PARSONSFIELD,372,488,58,10,504,1458,134,150,36.02,30.74
YOR,SACO,6514,3714,509,81,4705,15798,1999,1085,30.69,29.21
YOR,SANFORD,4318,4164,476,126,5077,14442,1532,1079,35.48,25.91
YOR,SHAPLEIGH,523,882,118,18,742,2317,189,232,36.14,26.3
YOR,SOUTH BERWICK,2384,1458,173,17,1878,5960,787,321,33.01,22.02
YOR,WATERBORO,1469,2149,253,20,1787,5771,395,573,26.89,26.66
YOR,WELLS,3272,2728,169,23,3954,10261,933,851,28.51,31.2
YOR,YORK,4754,2821,258,26,4105,12018,1357,791,28.54,28.04
